lat_cell,lon_cell,Fatal,Serious,Slight,score,accidents
51.51,-0.13,23.0,829.0,6536.0,8263.0,7388.0
51.54,-0.14,30.0,617.0,4527.0,5851.0,5174.0
51.39,0.75,6.0,649.0,4366.0,5682.0,5021.0
51.52,-0.17,22.0,563.0,4285.0,5477.0,4870.0
51.52,-0.14,17.0,600.0,4084.0,5335.0,4701.0
51.52,-0.16,13.0,503.0,4262.0,5307.0,4778.0
51.51,-0.14,9.0,517.0,4117.0,5178.0,4643.0
51.5,-0.15,19.0,586.0,3921.0,5150.0,4526.0
51.52,-0.13,8.0,554.0,3930.0,5062.0,4492.0
51.52,-0.11,20.0,566.0,3827.0,5019.0,4413.0
51.51,-0.09,19.0,606.0,3697.0,4966.0,4322.0
50.82,-0.14,22.0,603.0,3533.0,4805.0,4158.0
51.5,-0.1,20.0,520.0,3610.0,4710.0,4150.0
51.52,-0.08,14.0,545.0,3573.0,4705.0,4132.0
51.49,-0.1,14.0,462.0,3628.0,4594.0,4104.0
51.53,-0.08,11.0,518.0,3406.0,4475.0,3935.0
51.51,-0.15,21.0,492.0,3400.0,4447.0,3913.0
51.56,-0.12,17.0,384.0,3555.0,4374.0,3956.0
51.48,-0.11,24.0,506.0,3284.0,4368.0,3814.0
53.48,-2.24,20.0,304.0,3659.0,4327.0,3983.0
51.51,-0.12,16.0,536.0,3160.0,4280.0,3712.0
51.52,-0.06,8.0,389.0,3452.0,4254.0,3849.0
51.52,-0.12,26.0,441.0,3189.0,4149.0,3656.0
51.5,-0.22,9.0,423.0,3263.0,4136.0,3695.0
51.52,-0.07,14.0,427.0,3232.0,4128.0,3673.0
51.52,-0.15,7.0,411.0,3284.0,4127.0,3702.0
51.53,-0.11,14.0,399.0,3271.0,4111.0,3684.0
51.53,-0.06,25.0,406.0,3108.0,3995.0,3539.0
51.56,0.07,5.0,248.0,3460.0,3971.0,3713.0
54.97,-1.61,11.0,325.0,3280.0,3963.0,3616.0
51.51,-0.01,16.0,293.0,3300.0,3934.0,3609.0
51.51,-0.1,14.0,496.0,2839.0,3873.0,3349.0
51.47,-0.09,9.0,366.0,3110.0,3869.0,3485.0
51.46,-0.01,16.0,308.0,3162.0,3826.0,3486.0
52.47,-1.9,90.0,283.0,2951.0,3787.0,3324.0
55.86,-4.26,13.0,346.0,3010.0,3741.0,3369.0
51.51,-0.06,8.0,343.0,3023.0,3733.0,3374.0
51.55,-0.08,17.0,359.0,2950.0,3719.0,3326.0
53.79,-1.75,15.0,208.0,3256.0,3717.0,3479.0
51.51,-0.16,14.0,316.0,3026.0,3700.0,3356.0
51.46,-0.12,13.0,410.0,2832.0,3691.0,3255.0
51.54,-0.1,7.0,326.0,2993.0,3666.0,3326.0
51.53,-0.13,20.0,378.0,2844.0,3660.0,3242.0
51.58,-0.07,10.0,313.0,3001.0,3657.0,3324.0
53.8,-1.54,13.0,263.0,3088.0,3653.0,3364.0
54.97,-1.62,10.0,260.0,3089.0,3639.0,3359.0
51.51,-0.07,15.0,363.0,2863.0,3634.0,3241.0
51.57,-0.07,22.0,399.0,2730.0,3594.0,3151.0
51.53,-0.09,12.0,328.0,2845.0,3537.0,3185.0
53.41,-2.98,3.0,217.0,3090.0,3533.0,3310.0
51.5,-0.11,15.0,413.0,2631.0,3502.0,3059.0
52.96,-1.15,11.0,357.0,2743.0,3490.0,3111.0
51.53,-0.12,9.0,395.0,2628.0,3445.0,3032.0
51.6,-0.11,5.0,270.0,2841.0,3396.0,3116.0
51.5,-0.08,14.0,315.0,2697.0,3369.0,3026.0
51.49,-0.22,7.0,360.0,2580.0,3321.0,2947.0
51.49,-0.12,13.0,364.0,2538.0,3305.0,2915.0
52.47,-1.87,8.0,167.0,2926.0,3284.0,3101.0
51.37,-0.1,8.0,304.0,2642.0,3274.0,2954.0
51.53,-0.29,10.0,189.0,2850.0,3258.0,3049.0
53.8,-1.55,5.0,277.0,2688.0,3257.0,2970.0
51.48,-0.19,9.0,313.0,2603.0,3256.0,2925.0
51.55,-0.11,11.0,332.0,2545.0,3242.0,2888.0
51.55,-0.06,11.0,325.0,2551.0,3234.0,2887.0
52.48,-1.9,4.0,224.0,2773.0,3233.0,3001.0
51.52,-0.1,13.0,365.0,2461.0,3230.0,2839.0
51.48,-0.18,10.0,369.0,2451.0,3219.0,2830.0
51.5,-0.16,10.0,332.0,2519.0,3213.0,2861.0
51.49,-0.13,9.0,319.0,2539.0,3204.0,2867.0
51.49,-0.08,7.0,320.0,2536.0,3197.0,2863.0
53.8,-1.76,18.0,225.0,2686.0,3190.0,2929.0
53.47,-2.24,14.0,225.0,2691.0,3183.0,2930.0
51.43,-0.13,18.0,251.0,2625.0,3181.0,2894.0
52.47,-1.88,4.0,198.0,2766.0,3174.0,2968.0
50.83,-0.14,6.0,363.0,2430.0,3174.0,2799.0
51.49,-0.2,25.0,304.0,2490.0,3173.0,2819.0
51.59,-0.1,9.0,278.0,2570.0,3153.0,2857.0
51.59,-0.07,9.0,252.0,2601.0,3132.0,2862.0
51.46,-0.11,14.0,290.0,2507.0,3129.0,2811.0
51.46,-2.59,13.0,227.0,2630.0,3123.0,2870.0
51.52,-0.18,6.0,345.0,2381.0,3089.0,2732.0
53.8,-1.56,10.0,210.0,2637.0,3087.0,2857.0
51.47,-0.12,8.0,336.0,2352.0,3048.0,2696.0
51.57,-0.1,22.0,286.0,2410.0,3048.0,2718.0
51.47,-0.07,11.0,292.0,2420.0,3037.0,2723.0
51.45,-0.02,7.0,267.0,2477.0,3032.0,2751.0
51.54,0.07,3.0,147.0,2729.0,3032.0,2879.0
55.86,-4.27,9.0,176.0,2643.0,3022.0,2828.0
51.59,-0.2,14.0,199.0,2554.0,2994.0,2767.0
51.58,0.04,13.0,208.0,2529.0,2984.0,2750.0
51.49,-0.18,4.0,337.0,2297.0,2983.0,2638.0
51.43,-0.17,8.0,262.0,2427.0,2975.0,2697.0
51.49,-0.15,9.0,346.0,2250.0,2969.0,2605.0
51.5,-0.13,7.0,303.0,2338.0,2965.0,2648.0
51.47,-0.11,3.0,338.0,2274.0,2959.0,2615.0
51.6,-0.02,10.0,222.0,2484.0,2958.0,2716.0
51.51,-0.25,16.0,290.0,2325.0,2953.0,2631.0
51.57,-0.23,11.0,181.0,2557.0,2952.0,2749.0
51.56,-0.25,16.0,208.0,2487.0,2951.0,2711.0
51.54,-0.0,8.0,222.0,2482.0,2950.0,2712.0
51.53,-0.02,11.0,258.0,2399.0,2948.0,2668.0
51.56,-0.07,4.0,317.0,2292.0,2938.0,2613.0
51.52,-0.2,19.0,334.0,2209.0,2934.0,2562.0
53.8,-1.78,9.0,126.0,2651.0,2930.0,2786.0
53.79,-1.74,7.0,147.0,2612.0,2927.0,2766.0
51.55,-0.05,16.0,289.0,2297.0,2923.0,2602.0
51.46,-0.13,3.0,298.0,2316.0,2921.0,2617.0
53.8,-1.53,13.0,219.0,2444.0,2921.0,2676.0
51.49,-0.19,18.0,289.0,2257.0,2889.0,2564.0
52.95,-1.15,7.0,298.0,2268.0,2885.0,2573.0
55.95,-3.19,13.0,306.0,2234.0,2885.0,2553.0
51.55,-0.07,1.0,274.0,2333.0,2884.0,2608.0
51.5,-0.17,6.0,338.0,2183.0,2877.0,2527.0
51.45,-0.12,7.0,262.0,2325.0,2870.0,2594.0
51.46,-0.17,12.0,303.0,2219.0,2861.0,2534.0
51.61,-0.11,10.0,196.0,2433.0,2855.0,2639.0
51.82,-0.42,2.0,179.0,2486.0,2850.0,2667.0
51.47,-0.02,6.0,265.0,2297.0,2845.0,2568.0
51.49,-0.09,13.0,268.0,2265.0,2840.0,2546.0
51.46,-0.14,15.0,309.0,2154.0,2817.0,2478.0
51.46,-0.19,12.0,319.0,2141.0,2815.0,2472.0
51.52,-0.21,6.0,269.0,2257.0,2813.0,2532.0
51.5,0.27,29.0,188.0,2347.0,2810.0,2564.0
50.8,-1.08,1.0,291.0,2207.0,2792.0,2499.0
51.88,-0.42,3.0,162.0,2457.0,2790.0,2622.0
51.52,-0.19,15.0,289.0,2164.0,2787.0,2468.0
51.38,-0.1,10.0,234.0,2286.0,2784.0,2530.0
52.58,-0.24,4.0,156.0,2447.0,2771.0,2607.0
51.52,-0.05,7.0,224.0,2299.0,2768.0,2530.0
52.48,-1.89,7.0,194.0,2353.0,2762.0,2554.0
51.51,-0.38,13.0,163.0,2396.0,2761.0,2572.0
51.48,-0.17,19.0,299.0,2100.0,2755.0,2418.0
51.52,0.06,10.0,200.0,2319.0,2749.0,2529.0
51.49,-0.11,13.0,358.0,1991.0,2746.0,2362.0
51.58,-0.1,16.0,226.0,2243.0,2743.0,2485.0
51.52,0.01,10.0,231.0,2248.0,2740.0,2489.0
53.39,-2.59,7.0,182.0,2347.0,2732.0,2536.0
51.49,-0.21,21.0,286.0,2097.0,2732.0,2404.0
51.56,-0.11,10.0,314.0,2074.0,2732.0,2398.0
51.48,-0.12,8.0,295.0,2106.0,2720.0,2409.0
51.51,-0.05,10.0,270.0,2144.0,2714.0,2424.0
51.48,-0.09,11.0,235.0,2210.0,2713.0,2456.0
52.92,-1.48,13.0,239.0,2195.0,2712.0,2447.0
51.48,-0.03,0.0,221.0,2267.0,2709.0,2488.0
51.51,-0.04,6.0,214.0,2261.0,2707.0,2481.0
51.51,-0.08,9.0,346.0,1986.0,2705.0,2341.0
51.56,-0.06,7.0,254.0,2175.0,2704.0,2436.0
53.37,-1.47,5.0,242.0,2187.0,2686.0,2434.0
51.5,-0.14,19.0,299.0,2028.0,2683.0,2346.0
51.53,-0.14,8.0,266.0,2125.0,2681.0,2399.0
51.49,-0.17,14.0,326.0,1980.0,2674.0,2320.0
51.54,-0.08,17.0,304.0,2014.0,2673.0,2335.0
52.46,-1.89,9.0,168.0,2309.0,2672.0,2486.0
52.46,-1.87,5.0,186.0,2280.0,2667.0,2471.0
51.03,-3.06,238.0,380.0,1182.0,2656.0,1800.0
51.51,-0.03,17.0,274.0,2050.0,2649.0,2341.0
50.91,-1.4,9.0,229.0,2158.0,2643.0,2396.0
53.48,-2.23,4.0,166.0,2299.0,2643.0,2469.0
51.42,-0.13,10.0,213.0,2186.0,2642.0,2409.0
53.81,-1.52,14.0,177.0,2241.0,2637.0,2432.0
51.5,-0.12,9.0,325.0,1938.0,2615.0,2272.0
51.49,-0.14,7.0,322.0,1920.0,2585.0,2249.0
51.45,-0.15,4.0,306.0,1951.0,2575.0,2261.0
53.41,-2.97,11.0,169.0,2201.0,2572.0,2381.0
54.98,-1.61,1.0,133.0,2299.0,2568.0,2433.0
53.65,-1.78,4.0,151.0,2246.0,2560.0,2401.0
51.55,-0.13,12.0,246.0,2031.0,2559.0,2289.0
51.39,-0.11,3.0,195.0,2140.0,2539.0,2338.0
51.51,-0.23,12.0,230.0,2033.0,2529.0,2275.0
51.44,-0.16,1.0,267.0,1984.0,2521.0,2252.0
52.95,-1.14,10.0,232.0,2023.0,2517.0,2265.0
50.83,-0.17,1.0,292.0,1930.0,2517.0,2223.0
51.66,-0.4,6.0,194.0,2108.0,2514.0,2308.0
51.51,-0.2,8.0,287.0,1912.0,2510.0,2207.0
53.76,-2.7,10.0,220.0,2023.0,2493.0,2253.0
51.62,-0.09,13.0,183.0,2088.0,2493.0,2284.0
53.54,-2.12,5.0,97.0,2277.0,2486.0,2379.0
51.49,-0.52,12.0,124.0,2195.0,2479.0,2331.0
53.39,-1.46,9.0,203.0,2046.0,2479.0,2258.0
51.48,-3.17,4.0,132.0,2179.0,2455.0,2315.0
51.61,-0.07,2.0,162.0,2122.0,2452.0,2286.0
54.05,-2.8,15.0,279.0,1848.0,2451.0,2142.0
51.53,-0.17,3.0,266.0,1910.0,2451.0,2179.0
53.37,-1.48,6.0,253.0,1924.0,2448.0,2183.0
53.79,-1.76,11.0,141.0,2132.0,2447.0,2284.0
53.8,-1.75,20.0,110.0,2164.0,2444.0,2294.0
50.84,-1.07,5.0,166.0,2094.0,2441.0,2265.0
51.53,-0.03,8.0,219.0,1965.0,2427.0,2192.0
51.47,-0.21,7.0,257.0,1890.0,2425.0,2154.0
53.76,-2.69,1.0,198.0,2021.0,2420.0,2220.0
52.64,-1.13,10.0,178.0,2028.0,2414.0,2216.0
53.4,-2.98,2.0,212.0,1963.0,2393.0,2177.0
51.46,-0.22,9.0,231.0,1901.0,2390.0,2141.0
53.52,-1.13,6.0,157.0,2045.0,2377.0,2208.0
51.83,-0.42,8.0,127.0,2099.0,2377.0,2234.0
51.61,-0.05,10.0,186.0,1972.0,2374.0,2168.0
51.43,-0.16,3.0,238.0,1887.0,2372.0,2128.0
51.49,0.07,2.0,219.0,1925.0,2369.0,2146.0
52.92,-1.47,4.0,157.0,2035.0,2361.0,2196.0
51.45,-2.6,15.0,227.0,1861.0,2360.0,2103.0
