year,dow,hour,accidents
1999,Monday,0,356
1999,Monday,1,197
1999,Monday,2,111
1999,Monday,3,112
1999,Monday,4,100
1999,Monday,5,221
1999,Monday,6,589
1999,Monday,7,1589
1999,Monday,8,3021
1999,Monday,9,1900
1999,Monday,10,1477
1999,Monday,11,1674
1999,Monday,12,1911
1999,Monday,13,2014
1999,Monday,14,2004
1999,Monday,15,2728
1999,Monday,16,2892
1999,Monday,17,3366
1999,Monday,18,2394
1999,Monday,19,1702
1999,Monday,20,1148
1999,Monday,21,972
1999,Monday,22,768
1999,Monday,23,561
1999,Tuesday,0,307
1999,Tuesday,1,186
1999,Tuesday,2,132
1999,Tuesday,3,94
1999,Tuesday,4,98
1999,Tuesday,5,238
1999,Tuesday,6,558
1999,Tuesday,7,1684
1999,Tuesday,8,3421
1999,Tuesday,9,2113
1999,Tuesday,10,1596
1999,Tuesday,11,1715
1999,Tuesday,12,1853
1999,Tuesday,13,2008
1999,Tuesday,14,1831
1999,Tuesday,15,2607
1999,Tuesday,16,2850
1999,Tuesday,17,3281
1999,Tuesday,18,2411
1999,Tuesday,19,1753
1999,Tuesday,20,1225
1999,Tuesday,21,963
1999,Tuesday,22,699
1999,Tuesday,23,615
1999,Wednesday,0,317
1999,Wednesday,1,179
1999,Wednesday,2,154
1999,Wednesday,3,107
1999,Wednesday,4,89
1999,Wednesday,5,230
1999,Wednesday,6,524
1999,Wednesday,7,1643
1999,Wednesday,8,3170
1999,Wednesday,9,1937
1999,Wednesday,10,1515
1999,Wednesday,11,1645
1999,Wednesday,12,1855
1999,Wednesday,13,1975
1999,Wednesday,14,1824
1999,Wednesday,15,2607
1999,Wednesday,16,2807
1999,Wednesday,17,3428
1999,Wednesday,18,2539
1999,Wednesday,19,1818
1999,Wednesday,20,1222
1999,Wednesday,21,947
1999,Wednesday,22,866
1999,Wednesday,23,683
1999,Thursday,0,336
1999,Thursday,1,218
1999,Thursday,2,159
1999,Thursday,3,92
1999,Thursday,4,112
1999,Thursday,5,219
1999,Thursday,6,547
1999,Thursday,7,1656
1999,Thursday,8,3229
1999,Thursday,9,1957
1999,Thursday,10,1603
1999,Thursday,11,1727
1999,Thursday,12,2054
1999,Thursday,13,1970
1999,Thursday,14,1911
1999,Thursday,15,2580
1999,Thursday,16,2883
1999,Thursday,17,3279
1999,Thursday,18,2635
1999,Thursday,19,1883
1999,Thursday,20,1420
1999,Thursday,21,1087
1999,Thursday,22,861
1999,Thursday,23,728
1999,Friday,0,501
1999,Friday,1,345
1999,Friday,2,296
1999,Friday,3,165
1999,Friday,4,122
1999,Friday,5,241
1999,Friday,6,489
1999,Friday,7,1480
1999,Friday,8,2925
1999,Friday,9,1864
1999,Friday,10,1599
1999,Friday,11,1784
1999,Friday,12,2246
1999,Friday,13,2340
1999,Friday,14,2208
1999,Friday,15,3140
1999,Friday,16,3315
1999,Friday,17,3408
1999,Friday,18,2695
1999,Friday,19,2366
1999,Friday,20,1729
1999,Friday,21,1297
1999,Friday,22,1177
1999,Friday,23,1308
1999,Saturday,0,928
1999,Saturday,1,693
1999,Saturday,2,605
1999,Saturday,3,347
1999,Saturday,4,211
1999,Saturday,5,228
1999,Saturday,6,343
1999,Saturday,7,575
1999,Saturday,8,907
1999,Saturday,9,1196
1999,Saturday,10,1731
1999,Saturday,11,2223
1999,Saturday,12,2428
1999,Saturday,13,2470
1999,Saturday,14,2316
1999,Saturday,15,2186
1999,Saturday,16,2120
1999,Saturday,17,2235
1999,Saturday,18,2025
1999,Saturday,19,1828
1999,Saturday,20,1275
1999,Saturday,21,1007
1999,Saturday,22,895
1999,Saturday,23,1086
1999,Sunday,0,835
1999,Sunday,1,634
1999,Sunday,2,619
1999,Sunday,3,351
1999,Sunday,4,230
1999,Sunday,5,208
1999,Sunday,6,231
1999,Sunday,7,302
1999,Sunday,8,460
1999,Sunday,9,752
1999,Sunday,10,1280
1999,Sunday,11,1555
1999,Sunday,12,1983
1999,Sunday,13,1810
1999,Sunday,14,1990
1999,Sunday,15,1909
1999,Sunday,16,1883
1999,Sunday,17,1784
1999,Sunday,18,1598
1999,Sunday,19,1394
1999,Sunday,20,1182
1999,Sunday,21,937
1999,Sunday,22,771
1999,Sunday,23,812
2000,Monday,0,387
2000,Monday,1,227
2000,Monday,2,137
2000,Monday,3,115
2000,Monday,4,111
2000,Monday,5,234
2000,Monday,6,582
2000,Monday,7,1588
2000,Monday,8,2945
2000,Monday,9,1837
2000,Monday,10,1501
2000,Monday,11,1707
2000,Monday,12,1880
2000,Monday,13,2022
2000,Monday,14,1986
2000,Monday,15,2687
2000,Monday,16,2856
2000,Monday,17,3270
2000,Monday,18,2334
2000,Monday,19,1663
2000,Monday,20,1192
2000,Monday,21,984
2000,Monday,22,754
2000,Monday,23,550
2000,Tuesday,0,326
2000,Tuesday,1,177
2000,Tuesday,2,172
2000,Tuesday,3,106
2000,Tuesday,4,79
2000,Tuesday,5,224
2000,Tuesday,6,544
2000,Tuesday,7,1534
2000,Tuesday,8,3046
2000,Tuesday,9,1866
2000,Tuesday,10,1509
2000,Tuesday,11,1676
2000,Tuesday,12,1841
2000,Tuesday,13,1927
2000,Tuesday,14,1893
2000,Tuesday,15,2665
2000,Tuesday,16,2770
2000,Tuesday,17,3458
2000,Tuesday,18,2535
2000,Tuesday,19,1799
2000,Tuesday,20,1237
2000,Tuesday,21,1014
2000,Tuesday,22,812
2000,Tuesday,23,571
2000,Wednesday,0,327
2000,Wednesday,1,181
2000,Wednesday,2,139
2000,Wednesday,3,122
2000,Wednesday,4,98
2000,Wednesday,5,243
2000,Wednesday,6,560
2000,Wednesday,7,1640
2000,Wednesday,8,3176
2000,Wednesday,9,1921
2000,Wednesday,10,1512
2000,Wednesday,11,1565
2000,Wednesday,12,1784
2000,Wednesday,13,1885
2000,Wednesday,14,1757
2000,Wednesday,15,2498
2000,Wednesday,16,2782
2000,Wednesday,17,3378
2000,Wednesday,18,2472
2000,Wednesday,19,1764
2000,Wednesday,20,1231
2000,Wednesday,21,951
2000,Wednesday,22,810
2000,Wednesday,23,600
2000,Thursday,0,341
2000,Thursday,1,202
2000,Thursday,2,170
2000,Thursday,3,98
2000,Thursday,4,96
2000,Thursday,5,238
2000,Thursday,6,554
2000,Thursday,7,1725
2000,Thursday,8,3173
2000,Thursday,9,2056
2000,Thursday,10,1532
2000,Thursday,11,1707
2000,Thursday,12,1882
2000,Thursday,13,1954
2000,Thursday,14,1811
2000,Thursday,15,2565
2000,Thursday,16,2823
2000,Thursday,17,3493
2000,Thursday,18,2560
2000,Thursday,19,1760
2000,Thursday,20,1371
2000,Thursday,21,1081
2000,Thursday,22,862
2000,Thursday,23,770
2000,Friday,0,429
2000,Friday,1,312
2000,Friday,2,266
2000,Friday,3,147
2000,Friday,4,102
2000,Friday,5,240
2000,Friday,6,524
2000,Friday,7,1596
2000,Friday,8,2977
2000,Friday,9,1973
2000,Friday,10,1578
2000,Friday,11,1886
2000,Friday,12,2112
2000,Friday,13,2357
2000,Friday,14,2355
2000,Friday,15,3108
2000,Friday,16,3420
2000,Friday,17,3443
2000,Friday,18,2595
2000,Friday,19,2124
2000,Friday,20,1665
2000,Friday,21,1299
2000,Friday,22,1150
2000,Friday,23,1308
2000,Saturday,0,953
2000,Saturday,1,753
2000,Saturday,2,694
2000,Saturday,3,453
2000,Saturday,4,237
2000,Saturday,5,285
2000,Saturday,6,316
2000,Saturday,7,567
2000,Saturday,8,816
2000,Saturday,9,1189
2000,Saturday,10,1645
2000,Saturday,11,2231
2000,Saturday,12,2501
2000,Saturday,13,2461
2000,Saturday,14,2366
2000,Saturday,15,2205
2000,Saturday,16,2137
2000,Saturday,17,2292
2000,Saturday,18,2132
2000,Saturday,19,1734
2000,Saturday,20,1357
2000,Saturday,21,1031
2000,Saturday,22,979
2000,Saturday,23,1150
2000,Sunday,0,950
2000,Sunday,1,770
2000,Sunday,2,683
2000,Sunday,3,424
2000,Sunday,4,262
2000,Sunday,5,193
2000,Sunday,6,240
2000,Sunday,7,347
2000,Sunday,8,422
2000,Sunday,9,671
2000,Sunday,10,1183
2000,Sunday,11,1491
2000,Sunday,12,1852
2000,Sunday,13,1905
2000,Sunday,14,1839
2000,Sunday,15,1921
2000,Sunday,16,1912
2000,Sunday,17,1820
2000,Sunday,18,1673
2000,Sunday,19,1498
2000,Sunday,20,1168
2000,Sunday,21,965
2000,Sunday,22,851
2000,Sunday,23,808
2001,Monday,0,412
2001,Monday,1,274
2001,Monday,2,168
2001,Monday,3,121
2001,Monday,4,107
2001,Monday,5,202
2001,Monday,6,571
2001,Monday,7,1590
2001,Monday,8,2937
2001,Monday,9,1908
2001,Monday,10,1548
2001,Monday,11,1638
2001,Monday,12,1883
2001,Monday,13,1935
2001,Monday,14,1878
2001,Monday,15,2605
2001,Monday,16,2731
2001,Monday,17,3105
2001,Monday,18,2267
2001,Monday,19,1675
2001,Monday,20,1189
2001,Monday,21,913
2001,Monday,22,734
2001,Monday,23,563
2001,Tuesday,0,299
2001,Tuesday,1,173
2001,Tuesday,2,158
2001,Tuesday,3,95
2001,Tuesday,4,92
2001,Tuesday,5,205
2001,Tuesday,6,558
2001,Tuesday,7,1680
2001,Tuesday,8,3000
2001,Tuesday,9,1902
2001,Tuesday,10,1496
2001,Tuesday,11,1621
2001,Tuesday,12,1762
2001,Tuesday,13,1916
2001,Tuesday,14,1786
2001,Tuesday,15,2513
2001,Tuesday,16,2780
2001,Tuesday,17,3244
2001,Tuesday,18,2513
2001,Tuesday,19,1722
2001,Tuesday,20,1220
2001,Tuesday,21,989
2001,Tuesday,22,750
2001,Tuesday,23,601
2001,Wednesday,0,324
2001,Wednesday,1,197
2001,Wednesday,2,122
2001,Wednesday,3,92
2001,Wednesday,4,81
2001,Wednesday,5,241
2001,Wednesday,6,538
2001,Wednesday,7,1626
2001,Wednesday,8,3094
2001,Wednesday,9,1937
2001,Wednesday,10,1486
2001,Wednesday,11,1597
2001,Wednesday,12,1929
2001,Wednesday,13,1923
2001,Wednesday,14,1844
2001,Wednesday,15,2519
2001,Wednesday,16,2798
2001,Wednesday,17,3370
2001,Wednesday,18,2497
2001,Wednesday,19,1838
2001,Wednesday,20,1222
2001,Wednesday,21,1074
2001,Wednesday,22,846
2001,Wednesday,23,683
2001,Thursday,0,392
2001,Thursday,1,208
2001,Thursday,2,196
2001,Thursday,3,121
2001,Thursday,4,116
2001,Thursday,5,253
2001,Thursday,6,601
2001,Thursday,7,1731
2001,Thursday,8,3090
2001,Thursday,9,1986
2001,Thursday,10,1503
2001,Thursday,11,1626
2001,Thursday,12,1829
2001,Thursday,13,1835
2001,Thursday,14,1845
2001,Thursday,15,2588
2001,Thursday,16,2812
2001,Thursday,17,3244
2001,Thursday,18,2503
2001,Thursday,19,1727
2001,Thursday,20,1338
2001,Thursday,21,1050
2001,Thursday,22,871
2001,Thursday,23,719
2001,Friday,0,445
2001,Friday,1,284
2001,Friday,2,278
2001,Friday,3,159
2001,Friday,4,125
2001,Friday,5,241
2001,Friday,6,557
2001,Friday,7,1476
2001,Friday,8,2745
2001,Friday,9,1722
2001,Friday,10,1484
2001,Friday,11,1722
2001,Friday,12,2006
2001,Friday,13,2182
2001,Friday,14,2264
2001,Friday,15,3101
2001,Friday,16,3126
2001,Friday,17,3239
2001,Friday,18,2598
2001,Friday,19,2167
2001,Friday,20,1702
2001,Friday,21,1281
2001,Friday,22,1212
2001,Friday,23,1286
2001,Saturday,0,954
2001,Saturday,1,726
2001,Saturday,2,708
2001,Saturday,3,414
2001,Saturday,4,252
2001,Saturday,5,233
2001,Saturday,6,340
2001,Saturday,7,525
2001,Saturday,8,871
2001,Saturday,9,1126
2001,Saturday,10,1612
2001,Saturday,11,2127
2001,Saturday,12,2442
2001,Saturday,13,2350
2001,Saturday,14,2371
2001,Saturday,15,2162
2001,Saturday,16,2130
2001,Saturday,17,2148
2001,Saturday,18,1912
2001,Saturday,19,1673
2001,Saturday,20,1304
2001,Saturday,21,1125
2001,Saturday,22,1006
2001,Saturday,23,1108
2001,Sunday,0,926
2001,Sunday,1,718
2001,Sunday,2,718
2001,Sunday,3,428
2001,Sunday,4,271
2001,Sunday,5,218
2001,Sunday,6,240
2001,Sunday,7,325
2001,Sunday,8,485
2001,Sunday,9,722
2001,Sunday,10,1115
2001,Sunday,11,1461
2001,Sunday,12,1793
2001,Sunday,13,1753
2001,Sunday,14,1857
2001,Sunday,15,1802
2001,Sunday,16,1800
2001,Sunday,17,1734
2001,Sunday,18,1591
2001,Sunday,19,1359
2001,Sunday,20,1178
2001,Sunday,21,939
2001,Sunday,22,895
2001,Sunday,23,773
2002,Monday,0,383
2002,Monday,1,270
2002,Monday,2,146
2002,Monday,3,117
2002,Monday,4,108
2002,Monday,5,210
2002,Monday,6,502
2002,Monday,7,1551
2002,Monday,8,2777
2002,Monday,9,1787
2002,Monday,10,1442
2002,Monday,11,1605
2002,Monday,12,1817
2002,Monday,13,1954
2002,Monday,14,1819
2002,Monday,15,2533
2002,Monday,16,2625
2002,Monday,17,3111
2002,Monday,18,2224
2002,Monday,19,1573
2002,Monday,20,1166
2002,Monday,21,899
2002,Monday,22,837
2002,Monday,23,557
2002,Tuesday,0,359
2002,Tuesday,1,216
2002,Tuesday,2,156
2002,Tuesday,3,130
2002,Tuesday,4,105
2002,Tuesday,5,211
2002,Tuesday,6,532
2002,Tuesday,7,1458
2002,Tuesday,8,2916
2002,Tuesday,9,1739
2002,Tuesday,10,1436
2002,Tuesday,11,1512
2002,Tuesday,12,1797
2002,Tuesday,13,1809
2002,Tuesday,14,1749
2002,Tuesday,15,2372
2002,Tuesday,16,2593
2002,Tuesday,17,3115
2002,Tuesday,18,2213
2002,Tuesday,19,1720
2002,Tuesday,20,1245
2002,Tuesday,21,967
2002,Tuesday,22,785
2002,Tuesday,23,581
2002,Wednesday,0,342
2002,Wednesday,1,168
2002,Wednesday,2,139
2002,Wednesday,3,102
2002,Wednesday,4,89
2002,Wednesday,5,212
2002,Wednesday,6,548
2002,Wednesday,7,1571
2002,Wednesday,8,2782
2002,Wednesday,9,1775
2002,Wednesday,10,1465
2002,Wednesday,11,1540
2002,Wednesday,12,1792
2002,Wednesday,13,1830
2002,Wednesday,14,1738
2002,Wednesday,15,2533
2002,Wednesday,16,2687
2002,Wednesday,17,3140
2002,Wednesday,18,2381
2002,Wednesday,19,1747
2002,Wednesday,20,1247
2002,Wednesday,21,961
2002,Wednesday,22,845
2002,Wednesday,23,632
2002,Thursday,0,354
2002,Thursday,1,221
2002,Thursday,2,155
2002,Thursday,3,119
2002,Thursday,4,108
2002,Thursday,5,244
2002,Thursday,6,522
2002,Thursday,7,1519
2002,Thursday,8,2812
2002,Thursday,9,1850
2002,Thursday,10,1426
2002,Thursday,11,1509
2002,Thursday,12,1757
2002,Thursday,13,1885
2002,Thursday,14,1775
2002,Thursday,15,2426
2002,Thursday,16,2739
2002,Thursday,17,3151
2002,Thursday,18,2332
2002,Thursday,19,1712
2002,Thursday,20,1324
2002,Thursday,21,1045
2002,Thursday,22,916
2002,Thursday,23,751
2002,Friday,0,470
2002,Friday,1,275
2002,Friday,2,258
2002,Friday,3,179
2002,Friday,4,126
2002,Friday,5,229
2002,Friday,6,546
2002,Friday,7,1403
2002,Friday,8,2665
2002,Friday,9,1809
2002,Friday,10,1478
2002,Friday,11,1729
2002,Friday,12,2201
2002,Friday,13,2278
2002,Friday,14,2191
2002,Friday,15,3028
2002,Friday,16,3360
2002,Friday,17,3201
2002,Friday,18,2569
2002,Friday,19,2139
2002,Friday,20,1739
2002,Friday,21,1309
2002,Friday,22,1261
2002,Friday,23,1226
2002,Saturday,0,946
2002,Saturday,1,751
2002,Saturday,2,707
2002,Saturday,3,470
2002,Saturday,4,238
2002,Saturday,5,235
2002,Saturday,6,299
2002,Saturday,7,515
2002,Saturday,8,766
2002,Saturday,9,1028
2002,Saturday,10,1601
2002,Saturday,11,2063
2002,Saturday,12,2241
2002,Saturday,13,2164
2002,Saturday,14,2153
2002,Saturday,15,2099
2002,Saturday,16,2021
2002,Saturday,17,2003
2002,Saturday,18,1873
2002,Saturday,19,1568
2002,Saturday,20,1318
2002,Saturday,21,1004
2002,Saturday,22,1025
2002,Saturday,23,1112
2002,Sunday,0,928
2002,Sunday,1,775
2002,Sunday,2,772
2002,Sunday,3,489
2002,Sunday,4,259
2002,Sunday,5,200
2002,Sunday,6,231
2002,Sunday,7,294
2002,Sunday,8,364
2002,Sunday,9,645
2002,Sunday,10,1058
2002,Sunday,11,1350
2002,Sunday,12,1671
2002,Sunday,13,1740
2002,Sunday,14,1789
2002,Sunday,15,1780
2002,Sunday,16,1817
2002,Sunday,17,1796
2002,Sunday,18,1591
2002,Sunday,19,1500
2002,Sunday,20,1175
2002,Sunday,21,956
2002,Sunday,22,823
2002,Sunday,23,767
2003,Monday,0,405
2003,Monday,1,253
2003,Monday,2,156
2003,Monday,3,117
2003,Monday,4,97
2003,Monday,5,194
2003,Monday,6,545
2003,Monday,7,1462
2003,Monday,8,2734
2003,Monday,9,1794
2003,Monday,10,1458
2003,Monday,11,1579
2003,Monday,12,1782
2003,Monday,13,1881
2003,Monday,14,1746
2003,Monday,15,2437
2003,Monday,16,2625
2003,Monday,17,3005
2003,Monday,18,2154
2003,Monday,19,1474
2003,Monday,20,1047
2003,Monday,21,853
2003,Monday,22,724
2003,Monday,23,569
2003,Tuesday,0,311
2003,Tuesday,1,172
2003,Tuesday,2,131
2003,Tuesday,3,115
2003,Tuesday,4,99
2003,Tuesday,5,180
2003,Tuesday,6,520
2003,Tuesday,7,1426
2003,Tuesday,8,2695
2003,Tuesday,9,1666
2003,Tuesday,10,1386
2003,Tuesday,11,1476
2003,Tuesday,12,1677
2003,Tuesday,13,1777
2003,Tuesday,14,1667
2003,Tuesday,15,2424
2003,Tuesday,16,2634
2003,Tuesday,17,3075
2003,Tuesday,18,2143
2003,Tuesday,19,1604
2003,Tuesday,20,1170
2003,Tuesday,21,933
2003,Tuesday,22,754
2003,Tuesday,23,576
2003,Wednesday,0,369
2003,Wednesday,1,229
2003,Wednesday,2,174
2003,Wednesday,3,134
2003,Wednesday,4,112
2003,Wednesday,5,192
2003,Wednesday,6,524
2003,Wednesday,7,1444
2003,Wednesday,8,2770
2003,Wednesday,9,1719
2003,Wednesday,10,1378
2003,Wednesday,11,1518
2003,Wednesday,12,1662
2003,Wednesday,13,1807
2003,Wednesday,14,1746
2003,Wednesday,15,2362
2003,Wednesday,16,2634
2003,Wednesday,17,3052
2003,Wednesday,18,2292
2003,Wednesday,19,1595
2003,Wednesday,20,1217
2003,Wednesday,21,910
2003,Wednesday,22,849
2003,Wednesday,23,629
2003,Thursday,0,344
2003,Thursday,1,229
2003,Thursday,2,184
2003,Thursday,3,105
2003,Thursday,4,101
2003,Thursday,5,184
2003,Thursday,6,511
2003,Thursday,7,1494
2003,Thursday,8,2670
2003,Thursday,9,1790
2003,Thursday,10,1311
2003,Thursday,11,1474
2003,Thursday,12,1772
2003,Thursday,13,1844
2003,Thursday,14,1686
2003,Thursday,15,2400
2003,Thursday,16,2540
2003,Thursday,17,3003
2003,Thursday,18,2263
2003,Thursday,19,1685
2003,Thursday,20,1224
2003,Thursday,21,1044
2003,Thursday,22,758
2003,Thursday,23,752
2003,Friday,0,443
2003,Friday,1,315
2003,Friday,2,282
2003,Friday,3,153
2003,Friday,4,121
2003,Friday,5,229
2003,Friday,6,472
2003,Friday,7,1406
2003,Friday,8,2536
2003,Friday,9,1721
2003,Friday,10,1487
2003,Friday,11,1672
2003,Friday,12,2092
2003,Friday,13,2189
2003,Friday,14,2091
2003,Friday,15,2891
2003,Friday,16,3109
2003,Friday,17,3180
2003,Friday,18,2423
2003,Friday,19,1930
2003,Friday,20,1531
2003,Friday,21,1218
2003,Friday,22,1122
2003,Friday,23,1209
2003,Saturday,0,934
2003,Saturday,1,728
2003,Saturday,2,721
2003,Saturday,3,436
2003,Saturday,4,255
2003,Saturday,5,214
2003,Saturday,6,308
2003,Saturday,7,493
2003,Saturday,8,761
2003,Saturday,9,1046
2003,Saturday,10,1468
2003,Saturday,11,1975
2003,Saturday,12,2175
2003,Saturday,13,2117
2003,Saturday,14,2092
2003,Saturday,15,1974
2003,Saturday,16,1861
2003,Saturday,17,2013
2003,Saturday,18,1841
2003,Saturday,19,1595
2003,Saturday,20,1261
2003,Saturday,21,972
2003,Saturday,22,972
2003,Saturday,23,1039
2003,Sunday,0,910
2003,Sunday,1,770
2003,Sunday,2,729
2003,Sunday,3,469
2003,Sunday,4,220
2003,Sunday,5,164
2003,Sunday,6,209
2003,Sunday,7,303
2003,Sunday,8,429
2003,Sunday,9,682
2003,Sunday,10,1057
2003,Sunday,11,1371
2003,Sunday,12,1747
2003,Sunday,13,1798
2003,Sunday,14,1852
2003,Sunday,15,1760
2003,Sunday,16,1716
2003,Sunday,17,1732
2003,Sunday,18,1504
2003,Sunday,19,1377
2003,Sunday,20,1152
2003,Sunday,21,857
2003,Sunday,22,776
2003,Sunday,23,715
2004,Monday,0,382
2004,Monday,1,232
2004,Monday,2,147
2004,Monday,3,94
2004,Monday,4,83
2004,Monday,5,203
2004,Monday,6,484
2004,Monday,7,1388
2004,Monday,8,2496
2004,Monday,9,1624
2004,Monday,10,1277
2004,Monday,11,1362
2004,Monday,12,1622
2004,Monday,13,1703
2004,Monday,14,1601
2004,Monday,15,2320
2004,Monday,16,2525
2004,Monday,17,2818
2004,Monday,18,1996
2004,Monday,19,1493
2004,Monday,20,1031
2004,Monday,21,843
2004,Monday,22,698
2004,Monday,23,512
2004,Tuesday,0,287
2004,Tuesday,1,184
2004,Tuesday,2,147
2004,Tuesday,3,91
2004,Tuesday,4,101
2004,Tuesday,5,171
2004,Tuesday,6,529
2004,Tuesday,7,1469
2004,Tuesday,8,2803
2004,Tuesday,9,1678
2004,Tuesday,10,1336
2004,Tuesday,11,1501
2004,Tuesday,12,1646
2004,Tuesday,13,1755
2004,Tuesday,14,1710
2004,Tuesday,15,2377
2004,Tuesday,16,2629
2004,Tuesday,17,3008
2004,Tuesday,18,2234
2004,Tuesday,19,1570
2004,Tuesday,20,1103
2004,Tuesday,21,930
2004,Tuesday,22,716
2004,Tuesday,23,519
2004,Wednesday,0,298
2004,Wednesday,1,168
2004,Wednesday,2,137
2004,Wednesday,3,111
2004,Wednesday,4,88
2004,Wednesday,5,206
2004,Wednesday,6,520
2004,Wednesday,7,1548
2004,Wednesday,8,2817
2004,Wednesday,9,1691
2004,Wednesday,10,1308
2004,Wednesday,11,1417
2004,Wednesday,12,1655
2004,Wednesday,13,1680
2004,Wednesday,14,1633
2004,Wednesday,15,2328
2004,Wednesday,16,2605
2004,Wednesday,17,3026
2004,Wednesday,18,2299
2004,Wednesday,19,1649
2004,Wednesday,20,1142
2004,Wednesday,21,935
2004,Wednesday,22,840
2004,Wednesday,23,583
2004,Thursday,0,383
2004,Thursday,1,242
2004,Thursday,2,211
2004,Thursday,3,122
2004,Thursday,4,124
2004,Thursday,5,216
2004,Thursday,6,532
2004,Thursday,7,1520
2004,Thursday,8,2739
2004,Thursday,9,1772
2004,Thursday,10,1338
2004,Thursday,11,1511
2004,Thursday,12,1653
2004,Thursday,13,1837
2004,Thursday,14,1731
2004,Thursday,15,2411
2004,Thursday,16,2733
2004,Thursday,17,2998
2004,Thursday,18,2199
2004,Thursday,19,1588
2004,Thursday,20,1151
2004,Thursday,21,961
2004,Thursday,22,813
2004,Thursday,23,753
2004,Friday,0,440
2004,Friday,1,288
2004,Friday,2,272
2004,Friday,3,172
2004,Friday,4,144
2004,Friday,5,250
2004,Friday,6,552
2004,Friday,7,1355
2004,Friday,8,2396
2004,Friday,9,1670
2004,Friday,10,1431
2004,Friday,11,1627
2004,Friday,12,1984
2004,Friday,13,1991
2004,Friday,14,2123
2004,Friday,15,2796
2004,Friday,16,2892
2004,Friday,17,2879
2004,Friday,18,2305
2004,Friday,19,1925
2004,Friday,20,1539
2004,Friday,21,1285
2004,Friday,22,1050
2004,Friday,23,1151
2004,Saturday,0,915
2004,Saturday,1,665
2004,Saturday,2,688
2004,Saturday,3,409
2004,Saturday,4,234
2004,Saturday,5,230
2004,Saturday,6,292
2004,Saturday,7,437
2004,Saturday,8,739
2004,Saturday,9,1026
2004,Saturday,10,1400
2004,Saturday,11,2018
2004,Saturday,12,2165
2004,Saturday,13,2004
2004,Saturday,14,1978
2004,Saturday,15,1797
2004,Saturday,16,1905
2004,Saturday,17,1902
2004,Saturday,18,1725
2004,Saturday,19,1496
2004,Saturday,20,1280
2004,Saturday,21,971
2004,Saturday,22,922
2004,Saturday,23,1084
2004,Sunday,0,886
2004,Sunday,1,723
2004,Sunday,2,678
2004,Sunday,3,454
2004,Sunday,4,264
2004,Sunday,5,201
2004,Sunday,6,205
2004,Sunday,7,326
2004,Sunday,8,407
2004,Sunday,9,621
2004,Sunday,10,1078
2004,Sunday,11,1312
2004,Sunday,12,1584
2004,Sunday,13,1638
2004,Sunday,14,1627
2004,Sunday,15,1668
2004,Sunday,16,1592
2004,Sunday,17,1545
2004,Sunday,18,1489
2004,Sunday,19,1240
2004,Sunday,20,1026
2004,Sunday,21,883
2004,Sunday,22,737
2004,Sunday,23,647
2005,Monday,0,340
2005,Monday,1,227
2005,Monday,2,156
2005,Monday,3,70
2005,Monday,4,113
2005,Monday,5,212
2005,Monday,6,476
2005,Monday,7,1293
2005,Monday,8,2393
2005,Monday,9,1489
2005,Monday,10,1255
2005,Monday,11,1426
2005,Monday,12,1564
2005,Monday,13,1620
2005,Monday,14,1637
2005,Monday,15,2148
2005,Monday,16,2297
2005,Monday,17,2694
2005,Monday,18,1905
2005,Monday,19,1447
2005,Monday,20,1016
2005,Monday,21,877
2005,Monday,22,667
2005,Monday,23,481
2005,Tuesday,0,310
2005,Tuesday,1,149
2005,Tuesday,2,161
2005,Tuesday,3,102
2005,Tuesday,4,92
2005,Tuesday,5,187
2005,Tuesday,6,482
2005,Tuesday,7,1399
2005,Tuesday,8,2556
2005,Tuesday,9,1628
2005,Tuesday,10,1281
2005,Tuesday,11,1353
2005,Tuesday,12,1552
2005,Tuesday,13,1617
2005,Tuesday,14,1609
2005,Tuesday,15,2341
2005,Tuesday,16,2522
2005,Tuesday,17,2972
2005,Tuesday,18,2086
2005,Tuesday,19,1499
2005,Tuesday,20,1086
2005,Tuesday,21,941
2005,Tuesday,22,723
2005,Tuesday,23,562
2005,Wednesday,0,294
2005,Wednesday,1,159
2005,Wednesday,2,125
2005,Wednesday,3,102
2005,Wednesday,4,88
2005,Wednesday,5,190
2005,Wednesday,6,541
2005,Wednesday,7,1498
2005,Wednesday,8,2774
2005,Wednesday,9,1702
2005,Wednesday,10,1307
2005,Wednesday,11,1433
2005,Wednesday,12,1650
2005,Wednesday,13,1715
2005,Wednesday,14,1648
2005,Wednesday,15,2332
2005,Wednesday,16,2542
2005,Wednesday,17,2950
2005,Wednesday,18,2215
2005,Wednesday,19,1614
2005,Wednesday,20,1173
2005,Wednesday,21,901
2005,Wednesday,22,784
2005,Wednesday,23,625
2005,Thursday,0,312
2005,Thursday,1,200
2005,Thursday,2,148
2005,Thursday,3,118
2005,Thursday,4,84
2005,Thursday,5,178
2005,Thursday,6,500
2005,Thursday,7,1373
2005,Thursday,8,2638
2005,Thursday,9,1643
2005,Thursday,10,1226
2005,Thursday,11,1404
2005,Thursday,12,1587
2005,Thursday,13,1654
2005,Thursday,14,1636
2005,Thursday,15,2329
2005,Thursday,16,2495
2005,Thursday,17,2914
2005,Thursday,18,2051
2005,Thursday,19,1559
2005,Thursday,20,1170
2005,Thursday,21,973
2005,Thursday,22,856
2005,Thursday,23,678
2005,Friday,0,416
2005,Friday,1,252
2005,Friday,2,258
2005,Friday,3,148
2005,Friday,4,136
2005,Friday,5,209
2005,Friday,6,515
2005,Friday,7,1259
2005,Friday,8,2360
2005,Friday,9,1522
2005,Friday,10,1369
2005,Friday,11,1549
2005,Friday,12,1851
2005,Friday,13,1897
2005,Friday,14,1916
2005,Friday,15,2705
2005,Friday,16,2813
2005,Friday,17,2810
2005,Friday,18,2207
2005,Friday,19,1770
2005,Friday,20,1387
2005,Friday,21,1186
2005,Friday,22,1104
2005,Friday,23,1087
2005,Saturday,0,835
2005,Saturday,1,676
2005,Saturday,2,595
2005,Saturday,3,388
2005,Saturday,4,215
2005,Saturday,5,235
2005,Saturday,6,282
2005,Saturday,7,443
2005,Saturday,8,683
2005,Saturday,9,892
2005,Saturday,10,1316
2005,Saturday,11,1757
2005,Saturday,12,2098
2005,Saturday,13,1988
2005,Saturday,14,1874
2005,Saturday,15,1784
2005,Saturday,16,1875
2005,Saturday,17,1854
2005,Saturday,18,1711
2005,Saturday,19,1447
2005,Saturday,20,1187
2005,Saturday,21,892
2005,Saturday,22,917
2005,Saturday,23,993
2005,Sunday,0,778
2005,Sunday,1,664
2005,Sunday,2,676
2005,Sunday,3,422
2005,Sunday,4,227
2005,Sunday,5,167
2005,Sunday,6,242
2005,Sunday,7,323
2005,Sunday,8,404
2005,Sunday,9,593
2005,Sunday,10,945
2005,Sunday,11,1307
2005,Sunday,12,1578
2005,Sunday,13,1565
2005,Sunday,14,1595
2005,Sunday,15,1536
2005,Sunday,16,1559
2005,Sunday,17,1489
2005,Sunday,18,1382
2005,Sunday,19,1231
2005,Sunday,20,1032
2005,Sunday,21,811
2005,Sunday,22,735
2005,Sunday,23,641
2006,Monday,0,360
2006,Monday,1,229
2006,Monday,2,152
2006,Monday,3,109
2006,Monday,4,95
2006,Monday,5,226
2006,Monday,6,459
2006,Monday,7,1250
2006,Monday,8,2336
2006,Monday,9,1444
2006,Monday,10,1171
2006,Monday,11,1246
2006,Monday,12,1396
2006,Monday,13,1532
2006,Monday,14,1489
2006,Monday,15,2092
2006,Monday,16,2124
2006,Monday,17,2484
2006,Monday,18,1771
2006,Monday,19,1322
2006,Monday,20,985
2006,Monday,21,763
2006,Monday,22,646
2006,Monday,23,461
2006,Tuesday,0,259
2006,Tuesday,1,129
2006,Tuesday,2,115
2006,Tuesday,3,78
2006,Tuesday,4,96
2006,Tuesday,5,166
2006,Tuesday,6,511
2006,Tuesday,7,1366
2006,Tuesday,8,2566
2006,Tuesday,9,1530
2006,Tuesday,10,1214
2006,Tuesday,11,1300
2006,Tuesday,12,1530
2006,Tuesday,13,1501
2006,Tuesday,14,1518
2006,Tuesday,15,2074
2006,Tuesday,16,2328
2006,Tuesday,17,2660
2006,Tuesday,18,1935
2006,Tuesday,19,1426
2006,Tuesday,20,1024
2006,Tuesday,21,807
2006,Tuesday,22,725
2006,Tuesday,23,484
2006,Wednesday,0,252
2006,Wednesday,1,163
2006,Wednesday,2,138
2006,Wednesday,3,95
2006,Wednesday,4,95
2006,Wednesday,5,169
2006,Wednesday,6,506
2006,Wednesday,7,1482
2006,Wednesday,8,2606
2006,Wednesday,9,1610
2006,Wednesday,10,1193
2006,Wednesday,11,1320
2006,Wednesday,12,1492
2006,Wednesday,13,1549
2006,Wednesday,14,1554
2006,Wednesday,15,2136
2006,Wednesday,16,2347
2006,Wednesday,17,2747
2006,Wednesday,18,1980
2006,Wednesday,19,1438
2006,Wednesday,20,1091
2006,Wednesday,21,817
2006,Wednesday,22,768
2006,Wednesday,23,558
2006,Thursday,0,300
2006,Thursday,1,188
2006,Thursday,2,143
2006,Thursday,3,108
2006,Thursday,4,107
2006,Thursday,5,193
2006,Thursday,6,478
2006,Thursday,7,1356
2006,Thursday,8,2549
2006,Thursday,9,1594
2006,Thursday,10,1279
2006,Thursday,11,1366
2006,Thursday,12,1504
2006,Thursday,13,1517
2006,Thursday,14,1558
2006,Thursday,15,2227
2006,Thursday,16,2365
2006,Thursday,17,2547
2006,Thursday,18,2016
2006,Thursday,19,1503
2006,Thursday,20,1100
2006,Thursday,21,827
2006,Thursday,22,767
2006,Thursday,23,556
2006,Friday,0,404
2006,Friday,1,264
2006,Friday,2,219
2006,Friday,3,156
2006,Friday,4,107
2006,Friday,5,218
2006,Friday,6,477
2006,Friday,7,1265
2006,Friday,8,2325
2006,Friday,9,1481
2006,Friday,10,1291
2006,Friday,11,1401
2006,Friday,12,1747
2006,Friday,13,1900
2006,Friday,14,1913
2006,Friday,15,2690
2006,Friday,16,2671
2006,Friday,17,2828
2006,Friday,18,2147
2006,Friday,19,1831
2006,Friday,20,1404
2006,Friday,21,1120
2006,Friday,22,1069
2006,Friday,23,1059
2006,Saturday,0,835
2006,Saturday,1,729
2006,Saturday,2,568
2006,Saturday,3,396
2006,Saturday,4,269
2006,Saturday,5,239
2006,Saturday,6,286
2006,Saturday,7,453
2006,Saturday,8,760
2006,Saturday,9,982
2006,Saturday,10,1308
2006,Saturday,11,1692
2006,Saturday,12,1944
2006,Saturday,13,1853
2006,Saturday,14,1817
2006,Saturday,15,1662
2006,Saturday,16,1676
2006,Saturday,17,1765
2006,Saturday,18,1528
2006,Saturday,19,1362
2006,Saturday,20,1161
2006,Saturday,21,910
2006,Saturday,22,895
2006,Saturday,23,887
2006,Sunday,0,809
2006,Sunday,1,733
2006,Sunday,2,624
2006,Sunday,3,489
2006,Sunday,4,299
2006,Sunday,5,225
2006,Sunday,6,238
2006,Sunday,7,321
2006,Sunday,8,411
2006,Sunday,9,663
2006,Sunday,10,965
2006,Sunday,11,1208
2006,Sunday,12,1559
2006,Sunday,13,1540
2006,Sunday,14,1530
2006,Sunday,15,1459
2006,Sunday,16,1527
2006,Sunday,17,1389
2006,Sunday,18,1290
2006,Sunday,19,1138
2006,Sunday,20,949
2006,Sunday,21,793
2006,Sunday,22,711
2006,Sunday,23,572
2007,Monday,0,346
2007,Monday,1,215
2007,Monday,2,161
2007,Monday,3,140
2007,Monday,4,125
2007,Monday,5,225
2007,Monday,6,485
2007,Monday,7,1279
2007,Monday,8,2306
2007,Monday,9,1363
2007,Monday,10,1198
2007,Monday,11,1276
2007,Monday,12,1418
2007,Monday,13,1562
2007,Monday,14,1502
2007,Monday,15,2091
2007,Monday,16,2244
2007,Monday,17,2472
2007,Monday,18,1824
2007,Monday,19,1274
2007,Monday,20,922
2007,Monday,21,785
2007,Monday,22,587
2007,Monday,23,450
2007,Tuesday,0,269
2007,Tuesday,1,162
2007,Tuesday,2,101
2007,Tuesday,3,87
2007,Tuesday,4,87
2007,Tuesday,5,194
2007,Tuesday,6,497
2007,Tuesday,7,1429
2007,Tuesday,8,2606
2007,Tuesday,9,1544
2007,Tuesday,10,1264
2007,Tuesday,11,1253
2007,Tuesday,12,1415
2007,Tuesday,13,1454
2007,Tuesday,14,1421
2007,Tuesday,15,2061
2007,Tuesday,16,2270
2007,Tuesday,17,2688
2007,Tuesday,18,1995
2007,Tuesday,19,1369
2007,Tuesday,20,973
2007,Tuesday,21,732
2007,Tuesday,22,627
2007,Tuesday,23,427
2007,Wednesday,0,234
2007,Wednesday,1,152
2007,Wednesday,2,113
2007,Wednesday,3,76
2007,Wednesday,4,89
2007,Wednesday,5,178
2007,Wednesday,6,500
2007,Wednesday,7,1446
2007,Wednesday,8,2688
2007,Wednesday,9,1499
2007,Wednesday,10,1162
2007,Wednesday,11,1285
2007,Wednesday,12,1426
2007,Wednesday,13,1565
2007,Wednesday,14,1438
2007,Wednesday,15,2118
2007,Wednesday,16,2287
2007,Wednesday,17,2760
2007,Wednesday,18,1989
2007,Wednesday,19,1354
2007,Wednesday,20,929
2007,Wednesday,21,794
2007,Wednesday,22,716
2007,Wednesday,23,499
2007,Thursday,0,311
2007,Thursday,1,154
2007,Thursday,2,142
2007,Thursday,3,104
2007,Thursday,4,87
2007,Thursday,5,197
2007,Thursday,6,507
2007,Thursday,7,1420
2007,Thursday,8,2547
2007,Thursday,9,1600
2007,Thursday,10,1143
2007,Thursday,11,1269
2007,Thursday,12,1411
2007,Thursday,13,1562
2007,Thursday,14,1537
2007,Thursday,15,2073
2007,Thursday,16,2319
2007,Thursday,17,2524
2007,Thursday,18,1921
2007,Thursday,19,1412
2007,Thursday,20,945
2007,Thursday,21,905
2007,Thursday,22,704
2007,Thursday,23,504
2007,Friday,0,388
2007,Friday,1,214
2007,Friday,2,166
2007,Friday,3,153
2007,Friday,4,118
2007,Friday,5,218
2007,Friday,6,475
2007,Friday,7,1240
2007,Friday,8,2215
2007,Friday,9,1405
2007,Friday,10,1174
2007,Friday,11,1329
2007,Friday,12,1608
2007,Friday,13,1747
2007,Friday,14,1739
2007,Friday,15,2381
2007,Friday,16,2406
2007,Friday,17,2484
2007,Friday,18,2071
2007,Friday,19,1572
2007,Friday,20,1262
2007,Friday,21,1051
2007,Friday,22,964
2007,Friday,23,880
2007,Saturday,0,745
2007,Saturday,1,606
2007,Saturday,2,524
2007,Saturday,3,371
2007,Saturday,4,259
2007,Saturday,5,233
2007,Saturday,6,335
2007,Saturday,7,463
2007,Saturday,8,647
2007,Saturday,9,887
2007,Saturday,10,1234
2007,Saturday,11,1600
2007,Saturday,12,1873
2007,Saturday,13,1777
2007,Saturday,14,1715
2007,Saturday,15,1686
2007,Saturday,16,1662
2007,Saturday,17,1640
2007,Saturday,18,1578
2007,Saturday,19,1295
2007,Saturday,20,1035
2007,Saturday,21,900
2007,Saturday,22,826
2007,Saturday,23,795
2007,Sunday,0,783
2007,Sunday,1,654
2007,Sunday,2,545
2007,Sunday,3,460
2007,Sunday,4,280
2007,Sunday,5,200
2007,Sunday,6,249
2007,Sunday,7,273
2007,Sunday,8,374
2007,Sunday,9,625
2007,Sunday,10,907
2007,Sunday,11,1127
2007,Sunday,12,1471
2007,Sunday,13,1469
2007,Sunday,14,1505
2007,Sunday,15,1499
2007,Sunday,16,1416
2007,Sunday,17,1381
2007,Sunday,18,1277
2007,Sunday,19,1139
2007,Sunday,20,906
2007,Sunday,21,726
2007,Sunday,22,649
2007,Sunday,23,469
2008,Monday,0,271
2008,Monday,1,150
2008,Monday,2,124
2008,Monday,3,95
2008,Monday,4,81
2008,Monday,5,192
2008,Monday,6,475
2008,Monday,7,1279
2008,Monday,8,2209
2008,Monday,9,1357
2008,Monday,10,1092
2008,Monday,11,1218
2008,Monday,12,1320
2008,Monday,13,1353
2008,Monday,14,1431
2008,Monday,15,1896
2008,Monday,16,2099
2008,Monday,17,2351
2008,Monday,18,1678
2008,Monday,19,1202
2008,Monday,20,837
2008,Monday,21,707
2008,Monday,22,569
2008,Monday,23,394
2008,Tuesday,0,275
2008,Tuesday,1,166
2008,Tuesday,2,122
2008,Tuesday,3,108
2008,Tuesday,4,107
2008,Tuesday,5,225
2008,Tuesday,6,563
2008,Tuesday,7,1410
2008,Tuesday,8,2640
2008,Tuesday,9,1520
2008,Tuesday,10,1187
2008,Tuesday,11,1213
2008,Tuesday,12,1372
2008,Tuesday,13,1379
2008,Tuesday,14,1440
2008,Tuesday,15,2053
2008,Tuesday,16,2138
2008,Tuesday,17,2549
2008,Tuesday,18,1802
2008,Tuesday,19,1287
2008,Tuesday,20,914
2008,Tuesday,21,734
2008,Tuesday,22,606
2008,Tuesday,23,433
2008,Wednesday,0,242
2008,Wednesday,1,172
2008,Wednesday,2,105
2008,Wednesday,3,70
2008,Wednesday,4,88
2008,Wednesday,5,153
2008,Wednesday,6,486
2008,Wednesday,7,1373
2008,Wednesday,8,2576
2008,Wednesday,9,1483
2008,Wednesday,10,1090
2008,Wednesday,11,1294
2008,Wednesday,12,1427
2008,Wednesday,13,1425
2008,Wednesday,14,1461
2008,Wednesday,15,2034
2008,Wednesday,16,2075
2008,Wednesday,17,2431
2008,Wednesday,18,1819
2008,Wednesday,19,1315
2008,Wednesday,20,946
2008,Wednesday,21,739
2008,Wednesday,22,573
2008,Wednesday,23,451
2008,Thursday,0,251
2008,Thursday,1,156
2008,Thursday,2,123
2008,Thursday,3,91
2008,Thursday,4,99
2008,Thursday,5,165
2008,Thursday,6,514
2008,Thursday,7,1188
2008,Thursday,8,2331
2008,Thursday,9,1320
2008,Thursday,10,1066
2008,Thursday,11,1162
2008,Thursday,12,1308
2008,Thursday,13,1365
2008,Thursday,14,1409
2008,Thursday,15,1972
2008,Thursday,16,2076
2008,Thursday,17,2365
2008,Thursday,18,1857
2008,Thursday,19,1281
2008,Thursday,20,986
2008,Thursday,21,783
2008,Thursday,22,634
2008,Thursday,23,446
2008,Friday,0,343
2008,Friday,1,196
2008,Friday,2,159
2008,Friday,3,143
2008,Friday,4,109
2008,Friday,5,171
2008,Friday,6,476
2008,Friday,7,1178
2008,Friday,8,2115
2008,Friday,9,1264
2008,Friday,10,1117
2008,Friday,11,1309
2008,Friday,12,1529
2008,Friday,13,1586
2008,Friday,14,1703
2008,Friday,15,2329
2008,Friday,16,2320
2008,Friday,17,2361
2008,Friday,18,1907
2008,Friday,19,1466
2008,Friday,20,1041
2008,Friday,21,875
2008,Friday,22,874
2008,Friday,23,814
2008,Saturday,0,660
2008,Saturday,1,554
2008,Saturday,2,454
2008,Saturday,3,328
2008,Saturday,4,229
2008,Saturday,5,206
2008,Saturday,6,292
2008,Saturday,7,432
2008,Saturday,8,705
2008,Saturday,9,854
2008,Saturday,10,1198
2008,Saturday,11,1468
2008,Saturday,12,1652
2008,Saturday,13,1624
2008,Saturday,14,1575
2008,Saturday,15,1563
2008,Saturday,16,1486
2008,Saturday,17,1581
2008,Saturday,18,1461
2008,Saturday,19,1254
2008,Saturday,20,1087
2008,Saturday,21,800
2008,Saturday,22,805
2008,Saturday,23,780
2008,Sunday,0,661
2008,Sunday,1,597
2008,Sunday,2,508
2008,Sunday,3,466
2008,Sunday,4,287
2008,Sunday,5,240
2008,Sunday,6,243
2008,Sunday,7,345
2008,Sunday,8,396
2008,Sunday,9,615
2008,Sunday,10,859
2008,Sunday,11,1048
2008,Sunday,12,1247
2008,Sunday,13,1386
2008,Sunday,14,1363
2008,Sunday,15,1356
2008,Sunday,16,1366
2008,Sunday,17,1194
2008,Sunday,18,1188
2008,Sunday,19,1003
2008,Sunday,20,784
2008,Sunday,21,654
2008,Sunday,22,531
2008,Sunday,23,412
2009,Monday,0,276
2009,Monday,1,185
2009,Monday,2,123
2009,Monday,3,103
2009,Monday,4,84
2009,Monday,5,172
2009,Monday,6,403
2009,Monday,7,1141
2009,Monday,8,1982
2009,Monday,9,1358
2009,Monday,10,1021
2009,Monday,11,1191
2009,Monday,12,1289
2009,Monday,13,1336
2009,Monday,14,1344
2009,Monday,15,1944
2009,Monday,16,2026
2009,Monday,17,2111
2009,Monday,18,1581
2009,Monday,19,1051
2009,Monday,20,751
2009,Monday,21,637
2009,Monday,22,506
2009,Monday,23,357
2009,Tuesday,0,232
2009,Tuesday,1,142
2009,Tuesday,2,88
2009,Tuesday,3,76
2009,Tuesday,4,68
2009,Tuesday,5,153
2009,Tuesday,6,463
2009,Tuesday,7,1224
2009,Tuesday,8,2261
2009,Tuesday,9,1445
2009,Tuesday,10,1110
2009,Tuesday,11,1224
2009,Tuesday,12,1270
2009,Tuesday,13,1374
2009,Tuesday,14,1427
2009,Tuesday,15,1962
2009,Tuesday,16,2130
2009,Tuesday,17,2371
2009,Tuesday,18,1809
2009,Tuesday,19,1340
2009,Tuesday,20,919
2009,Tuesday,21,694
2009,Tuesday,22,612
2009,Tuesday,23,397
2009,Wednesday,0,226
2009,Wednesday,1,147
2009,Wednesday,2,91
2009,Wednesday,3,81
2009,Wednesday,4,80
2009,Wednesday,5,184
2009,Wednesday,6,468
2009,Wednesday,7,1301
2009,Wednesday,8,2330
2009,Wednesday,9,1409
2009,Wednesday,10,1077
2009,Wednesday,11,1167
2009,Wednesday,12,1320
2009,Wednesday,13,1432
2009,Wednesday,14,1375
2009,Wednesday,15,1966
2009,Wednesday,16,2029
2009,Wednesday,17,2465
2009,Wednesday,18,1787
2009,Wednesday,19,1238
2009,Wednesday,20,904
2009,Wednesday,21,705
2009,Wednesday,22,591
2009,Wednesday,23,426
2009,Thursday,0,282
2009,Thursday,1,192
2009,Thursday,2,121
2009,Thursday,3,119
2009,Thursday,4,113
2009,Thursday,5,196
2009,Thursday,6,460
2009,Thursday,7,1142
2009,Thursday,8,2110
2009,Thursday,9,1364
2009,Thursday,10,986
2009,Thursday,11,1107
2009,Thursday,12,1276
2009,Thursday,13,1385
2009,Thursday,14,1310
2009,Thursday,15,1936
2009,Thursday,16,2079
2009,Thursday,17,2412
2009,Thursday,18,1736
2009,Thursday,19,1293
2009,Thursday,20,904
2009,Thursday,21,715
2009,Thursday,22,602
2009,Thursday,23,465
2009,Friday,0,296
2009,Friday,1,196
2009,Friday,2,167
2009,Friday,3,128
2009,Friday,4,98
2009,Friday,5,168
2009,Friday,6,446
2009,Friday,7,1008
2009,Friday,8,1941
2009,Friday,9,1248
2009,Friday,10,1087
2009,Friday,11,1269
2009,Friday,12,1526
2009,Friday,13,1631
2009,Friday,14,1710
2009,Friday,15,2327
2009,Friday,16,2271
2009,Friday,17,2300
2009,Friday,18,1834
2009,Friday,19,1500
2009,Friday,20,1044
2009,Friday,21,922
2009,Friday,22,817
2009,Friday,23,732
2009,Saturday,0,638
2009,Saturday,1,518
2009,Saturday,2,430
2009,Saturday,3,332
2009,Saturday,4,214
2009,Saturday,5,223
2009,Saturday,6,261
2009,Saturday,7,419
2009,Saturday,8,673
2009,Saturday,9,880
2009,Saturday,10,1109
2009,Saturday,11,1514
2009,Saturday,12,1659
2009,Saturday,13,1658
2009,Saturday,14,1560
2009,Saturday,15,1437
2009,Saturday,16,1441
2009,Saturday,17,1518
2009,Saturday,18,1303
2009,Saturday,19,1207
2009,Saturday,20,935
2009,Saturday,21,768
2009,Saturday,22,738
2009,Saturday,23,725
2009,Sunday,0,636
2009,Sunday,1,582
2009,Sunday,2,438
2009,Sunday,3,420
2009,Sunday,4,272
2009,Sunday,5,198
2009,Sunday,6,202
2009,Sunday,7,279
2009,Sunday,8,376
2009,Sunday,9,525
2009,Sunday,10,807
2009,Sunday,11,1102
2009,Sunday,12,1283
2009,Sunday,13,1363
2009,Sunday,14,1308
2009,Sunday,15,1262
2009,Sunday,16,1241
2009,Sunday,17,1192
2009,Sunday,18,1120
2009,Sunday,19,930
2009,Sunday,20,743
2009,Sunday,21,662
2009,Sunday,22,526
2009,Sunday,23,394
2010,Monday,0,227
2010,Monday,1,167
2010,Monday,2,103
2010,Monday,3,87
2010,Monday,4,75
2010,Monday,5,176
2010,Monday,6,476
2010,Monday,7,1182
2010,Monday,8,2090
2010,Monday,9,1341
2010,Monday,10,1013
2010,Monday,11,1135
2010,Monday,12,1277
2010,Monday,13,1295
2010,Monday,14,1332
2010,Monday,15,1894
2010,Monday,16,1890
2010,Monday,17,2036
2010,Monday,18,1450
2010,Monday,19,994
2010,Monday,20,744
2010,Monday,21,633
2010,Monday,22,510
2010,Monday,23,325
2010,Tuesday,0,163
2010,Tuesday,1,126
2010,Tuesday,2,85
2010,Tuesday,3,78
2010,Tuesday,4,78
2010,Tuesday,5,181
2010,Tuesday,6,437
2010,Tuesday,7,1169
2010,Tuesday,8,2279
2010,Tuesday,9,1312
2010,Tuesday,10,1020
2010,Tuesday,11,1109
2010,Tuesday,12,1262
2010,Tuesday,13,1295
2010,Tuesday,14,1328
2010,Tuesday,15,1842
2010,Tuesday,16,1986
2010,Tuesday,17,2243
2010,Tuesday,18,1691
2010,Tuesday,19,1085
2010,Tuesday,20,809
2010,Tuesday,21,611
2010,Tuesday,22,497
2010,Tuesday,23,359
2010,Wednesday,0,198
2010,Wednesday,1,116
2010,Wednesday,2,83
2010,Wednesday,3,84
2010,Wednesday,4,76
2010,Wednesday,5,171
2010,Wednesday,6,447
2010,Wednesday,7,1168
2010,Wednesday,8,2223
2010,Wednesday,9,1289
2010,Wednesday,10,967
2010,Wednesday,11,1069
2010,Wednesday,12,1237
2010,Wednesday,13,1256
2010,Wednesday,14,1286
2010,Wednesday,15,1868
2010,Wednesday,16,1986
2010,Wednesday,17,2159
2010,Wednesday,18,1751
2010,Wednesday,19,1160
2010,Wednesday,20,800
2010,Wednesday,21,670
2010,Wednesday,22,551
2010,Wednesday,23,403
2010,Thursday,0,243
2010,Thursday,1,130
2010,Thursday,2,92
2010,Thursday,3,95
2010,Thursday,4,79
2010,Thursday,5,152
2010,Thursday,6,444
2010,Thursday,7,1099
2010,Thursday,8,2036
2010,Thursday,9,1227
2010,Thursday,10,1005
2010,Thursday,11,1098
2010,Thursday,12,1226
2010,Thursday,13,1292
2010,Thursday,14,1359
2010,Thursday,15,1809
2010,Thursday,16,1972
2010,Thursday,17,2213
2010,Thursday,18,1642
2010,Thursday,19,1204
2010,Thursday,20,815
2010,Thursday,21,673
2010,Thursday,22,550
2010,Thursday,23,355
2010,Friday,0,294
2010,Friday,1,178
2010,Friday,2,169
2010,Friday,3,142
2010,Friday,4,105
2010,Friday,5,203
2010,Friday,6,405
2010,Friday,7,1007
2010,Friday,8,1861
2010,Friday,9,1196
2010,Friday,10,1077
2010,Friday,11,1230
2010,Friday,12,1415
2010,Friday,13,1618
2010,Friday,14,1651
2010,Friday,15,2211
2010,Friday,16,2159
2010,Friday,17,2245
2010,Friday,18,1759
2010,Friday,19,1389
2010,Friday,20,970
2010,Friday,21,819
2010,Friday,22,733
2010,Friday,23,639
2010,Saturday,0,565
2010,Saturday,1,475
2010,Saturday,2,358
2010,Saturday,3,295
2010,Saturday,4,194
2010,Saturday,5,209
2010,Saturday,6,288
2010,Saturday,7,464
2010,Saturday,8,665
2010,Saturday,9,894
2010,Saturday,10,1133
2010,Saturday,11,1415
2010,Saturday,12,1622
2010,Saturday,13,1520
2010,Saturday,14,1489
2010,Saturday,15,1313
2010,Saturday,16,1381
2010,Saturday,17,1384
2010,Saturday,18,1249
2010,Saturday,19,1116
2010,Saturday,20,807
2010,Saturday,21,683
2010,Saturday,22,643
2010,Saturday,23,658
2010,Sunday,0,581
2010,Sunday,1,514
2010,Sunday,2,403
2010,Sunday,3,371
2010,Sunday,4,254
2010,Sunday,5,194
2010,Sunday,6,232
2010,Sunday,7,310
2010,Sunday,8,395
2010,Sunday,9,575
2010,Sunday,10,841
2010,Sunday,11,1022
2010,Sunday,12,1294
2010,Sunday,13,1239
2010,Sunday,14,1221
2010,Sunday,15,1189
2010,Sunday,16,1172
2010,Sunday,17,1138
2010,Sunday,18,959
2010,Sunday,19,823
2010,Sunday,20,653
2010,Sunday,21,556
2010,Sunday,22,503
2010,Sunday,23,355
2011,Monday,0,228
2011,Monday,1,138
2011,Monday,2,120
2011,Monday,3,79
2011,Monday,4,84
2011,Monday,5,157
2011,Monday,6,420
2011,Monday,7,1102
2011,Monday,8,1982
2011,Monday,9,1118
2011,Monday,10,969
2011,Monday,11,1060
2011,Monday,12,1157
2011,Monday,13,1208
2011,Monday,14,1190
2011,Monday,15,1784
2011,Monday,16,1920
2011,Monday,17,2118
2011,Monday,18,1524
2011,Monday,19,998
2011,Monday,20,739
2011,Monday,21,550
2011,Monday,22,439
2011,Monday,23,308
2011,Tuesday,0,174
2011,Tuesday,1,117
2011,Tuesday,2,81
2011,Tuesday,3,81
2011,Tuesday,4,73
2011,Tuesday,5,158
2011,Tuesday,6,475
2011,Tuesday,7,1228
2011,Tuesday,8,2230
2011,Tuesday,9,1311
2011,Tuesday,10,978
2011,Tuesday,11,1056
2011,Tuesday,12,1194
2011,Tuesday,13,1186
2011,Tuesday,14,1235
2011,Tuesday,15,1819
2011,Tuesday,16,1999
2011,Tuesday,17,2192
2011,Tuesday,18,1619
2011,Tuesday,19,1146
2011,Tuesday,20,775
2011,Tuesday,21,608
2011,Tuesday,22,456
2011,Tuesday,23,279
2011,Wednesday,0,173
2011,Wednesday,1,103
2011,Wednesday,2,64
2011,Wednesday,3,78
2011,Wednesday,4,71
2011,Wednesday,5,178
2011,Wednesday,6,447
2011,Wednesday,7,1194
2011,Wednesday,8,2130
2011,Wednesday,9,1280
2011,Wednesday,10,1046
2011,Wednesday,11,1094
2011,Wednesday,12,1242
2011,Wednesday,13,1310
2011,Wednesday,14,1348
2011,Wednesday,15,1804
2011,Wednesday,16,2010
2011,Wednesday,17,2214
2011,Wednesday,18,1707
2011,Wednesday,19,1194
2011,Wednesday,20,776
2011,Wednesday,21,621
2011,Wednesday,22,481
2011,Wednesday,23,361
2011,Thursday,0,237
2011,Thursday,1,120
2011,Thursday,2,96
2011,Thursday,3,90
2011,Thursday,4,63
2011,Thursday,5,170
2011,Thursday,6,443
2011,Thursday,7,1197
2011,Thursday,8,2158
2011,Thursday,9,1272
2011,Thursday,10,1035
2011,Thursday,11,1082
2011,Thursday,12,1243
2011,Thursday,13,1400
2011,Thursday,14,1338
2011,Thursday,15,1853
2011,Thursday,16,2044
2011,Thursday,17,2277
2011,Thursday,18,1672
2011,Thursday,19,1218
2011,Thursday,20,820
2011,Thursday,21,669
2011,Thursday,22,556
2011,Thursday,23,408
2011,Friday,0,264
2011,Friday,1,172
2011,Friday,2,149
2011,Friday,3,115
2011,Friday,4,73
2011,Friday,5,152
2011,Friday,6,391
2011,Friday,7,993
2011,Friday,8,1875
2011,Friday,9,1199
2011,Friday,10,1031
2011,Friday,11,1259
2011,Friday,12,1407
2011,Friday,13,1473
2011,Friday,14,1497
2011,Friday,15,2139
2011,Friday,16,2209
2011,Friday,17,2282
2011,Friday,18,1769
2011,Friday,19,1366
2011,Friday,20,963
2011,Friday,21,760
2011,Friday,22,741
2011,Friday,23,669
2011,Saturday,0,565
2011,Saturday,1,458
2011,Saturday,2,351
2011,Saturday,3,304
2011,Saturday,4,222
2011,Saturday,5,193
2011,Saturday,6,277
2011,Saturday,7,400
2011,Saturday,8,583
2011,Saturday,9,758
2011,Saturday,10,1137
2011,Saturday,11,1368
2011,Saturday,12,1442
2011,Saturday,13,1521
2011,Saturday,14,1459
2011,Saturday,15,1277
2011,Saturday,16,1339
2011,Saturday,17,1441
2011,Saturday,18,1168
2011,Saturday,19,1060
2011,Saturday,20,757
2011,Saturday,21,656
2011,Saturday,22,647
2011,Saturday,23,620
2011,Sunday,0,563
2011,Sunday,1,479
2011,Sunday,2,398
2011,Sunday,3,361
2011,Sunday,4,269
2011,Sunday,5,193
2011,Sunday,6,239
2011,Sunday,7,312
2011,Sunday,8,388
2011,Sunday,9,605
2011,Sunday,10,819
2011,Sunday,11,954
2011,Sunday,12,1209
2011,Sunday,13,1124
2011,Sunday,14,1143
2011,Sunday,15,1083
2011,Sunday,16,1198
2011,Sunday,17,1079
2011,Sunday,18,1037
2011,Sunday,19,808
2011,Sunday,20,680
2011,Sunday,21,535
2011,Sunday,22,429
2011,Sunday,23,369
2012,Monday,0,209
2012,Monday,1,138
2012,Monday,2,91
2012,Monday,3,79
2012,Monday,4,71
2012,Monday,5,171
2012,Monday,6,414
2012,Monday,7,1064
2012,Monday,8,1853
2012,Monday,9,1183
2012,Monday,10,949
2012,Monday,11,1065
2012,Monday,12,1185
2012,Monday,13,1220
2012,Monday,14,1255
2012,Monday,15,1662
2012,Monday,16,1741
2012,Monday,17,2110
2012,Monday,18,1485
2012,Monday,19,955
2012,Monday,20,707
2012,Monday,21,585
2012,Monday,22,429
2012,Monday,23,289
2012,Tuesday,0,181
2012,Tuesday,1,116
2012,Tuesday,2,81
2012,Tuesday,3,71
2012,Tuesday,4,67
2012,Tuesday,5,172
2012,Tuesday,6,479
2012,Tuesday,7,1155
2012,Tuesday,8,2111
2012,Tuesday,9,1309
2012,Tuesday,10,940
2012,Tuesday,11,1032
2012,Tuesday,12,1128
2012,Tuesday,13,1180
2012,Tuesday,14,1193
2012,Tuesday,15,1712
2012,Tuesday,16,1814
2012,Tuesday,17,2185
2012,Tuesday,18,1605
2012,Tuesday,19,1065
2012,Tuesday,20,757
2012,Tuesday,21,548
2012,Tuesday,22,447
2012,Tuesday,23,313
2012,Wednesday,0,184
2012,Wednesday,1,110
2012,Wednesday,2,96
2012,Wednesday,3,68
2012,Wednesday,4,67
2012,Wednesday,5,133
2012,Wednesday,6,430
2012,Wednesday,7,1146
2012,Wednesday,8,2054
2012,Wednesday,9,1226
2012,Wednesday,10,945
2012,Wednesday,11,1095
2012,Wednesday,12,1149
2012,Wednesday,13,1131
2012,Wednesday,14,1266
2012,Wednesday,15,1799
2012,Wednesday,16,1905
2012,Wednesday,17,2278
2012,Wednesday,18,1637
2012,Wednesday,19,1129
2012,Wednesday,20,788
2012,Wednesday,21,587
2012,Wednesday,22,462
2012,Wednesday,23,312
2012,Thursday,0,233
2012,Thursday,1,112
2012,Thursday,2,111
2012,Thursday,3,81
2012,Thursday,4,67
2012,Thursday,5,188
2012,Thursday,6,461
2012,Thursday,7,1213
2012,Thursday,8,2060
2012,Thursday,9,1205
2012,Thursday,10,985
2012,Thursday,11,1072
2012,Thursday,12,1202
2012,Thursday,13,1217
2012,Thursday,14,1284
2012,Thursday,15,1880
2012,Thursday,16,1824
2012,Thursday,17,2161
2012,Thursday,18,1626
2012,Thursday,19,1100
2012,Thursday,20,746
2012,Thursday,21,608
2012,Thursday,22,547
2012,Thursday,23,351
2012,Friday,0,256
2012,Friday,1,162
2012,Friday,2,117
2012,Friday,3,107
2012,Friday,4,105
2012,Friday,5,186
2012,Friday,6,413
2012,Friday,7,1006
2012,Friday,8,1782
2012,Friday,9,1141
2012,Friday,10,987
2012,Friday,11,1164
2012,Friday,12,1276
2012,Friday,13,1459
2012,Friday,14,1442
2012,Friday,15,2026
2012,Friday,16,2026
2012,Friday,17,2115
2012,Friday,18,1726
2012,Friday,19,1236
2012,Friday,20,889
2012,Friday,21,656
2012,Friday,22,669
2012,Friday,23,565
2012,Saturday,0,489
2012,Saturday,1,372
2012,Saturday,2,344
2012,Saturday,3,282
2012,Saturday,4,219
2012,Saturday,5,197
2012,Saturday,6,249
2012,Saturday,7,363
2012,Saturday,8,572
2012,Saturday,9,782
2012,Saturday,10,1074
2012,Saturday,11,1360
2012,Saturday,12,1462
2012,Saturday,13,1440
2012,Saturday,14,1340
2012,Saturday,15,1300
2012,Saturday,16,1297
2012,Saturday,17,1367
2012,Saturday,18,1142
2012,Saturday,19,1001
2012,Saturday,20,755
2012,Saturday,21,660
2012,Saturday,22,627
2012,Saturday,23,608
2012,Sunday,0,539
2012,Sunday,1,498
2012,Sunday,2,433
2012,Sunday,3,371
2012,Sunday,4,224
2012,Sunday,5,189
2012,Sunday,6,218
2012,Sunday,7,274
2012,Sunday,8,405
2012,Sunday,9,542
2012,Sunday,10,788
2012,Sunday,11,962
2012,Sunday,12,1132
2012,Sunday,13,1179
2012,Sunday,14,1122
2012,Sunday,15,1107
2012,Sunday,16,1153
2012,Sunday,17,1070
2012,Sunday,18,968
2012,Sunday,19,827
2012,Sunday,20,610
2012,Sunday,21,514
2012,Sunday,22,417
2012,Sunday,23,314
2013,Monday,0,190
2013,Monday,1,113
2013,Monday,2,84
2013,Monday,3,74
2013,Monday,4,69
2013,Monday,5,176
2013,Monday,6,430
2013,Monday,7,1053
2013,Monday,8,1766
2013,Monday,9,1114
2013,Monday,10,915
2013,Monday,11,961
2013,Monday,12,1074
2013,Monday,13,1134
2013,Monday,14,1160
2013,Monday,15,1561
2013,Monday,16,1808
2013,Monday,17,1884
2013,Monday,18,1476
2013,Monday,19,959
2013,Monday,20,696
2013,Monday,21,493
2013,Monday,22,381
2013,Monday,23,260
2013,Tuesday,0,175
2013,Tuesday,1,123
2013,Tuesday,2,76
2013,Tuesday,3,81
2013,Tuesday,4,86
2013,Tuesday,5,157
2013,Tuesday,6,446
2013,Tuesday,7,1182
2013,Tuesday,8,2022
2013,Tuesday,9,1233
2013,Tuesday,10,920
2013,Tuesday,11,1062
2013,Tuesday,12,1143
2013,Tuesday,13,1132
2013,Tuesday,14,1188
2013,Tuesday,15,1625
2013,Tuesday,16,1847
2013,Tuesday,17,2154
2013,Tuesday,18,1576
2013,Tuesday,19,1072
2013,Tuesday,20,690
2013,Tuesday,21,538
2013,Tuesday,22,455
2013,Tuesday,23,274
2013,Wednesday,0,188
2013,Wednesday,1,78
2013,Wednesday,2,63
2013,Wednesday,3,62
2013,Wednesday,4,71
2013,Wednesday,5,149
2013,Wednesday,6,452
2013,Wednesday,7,1122
2013,Wednesday,8,1883
2013,Wednesday,9,1175
2013,Wednesday,10,867
2013,Wednesday,11,958
2013,Wednesday,12,1083
2013,Wednesday,13,1090
2013,Wednesday,14,1150
2013,Wednesday,15,1555
2013,Wednesday,16,1794
2013,Wednesday,17,2097
2013,Wednesday,18,1517
2013,Wednesday,19,1031
2013,Wednesday,20,781
2013,Wednesday,21,536
2013,Wednesday,22,467
2013,Wednesday,23,292
2013,Thursday,0,175
2013,Thursday,1,113
2013,Thursday,2,80
2013,Thursday,3,69
2013,Thursday,4,74
2013,Thursday,5,164
2013,Thursday,6,422
2013,Thursday,7,1127
2013,Thursday,8,1955
2013,Thursday,9,1172
2013,Thursday,10,943
2013,Thursday,11,1032
2013,Thursday,12,1139
2013,Thursday,13,1142
2013,Thursday,14,1181
2013,Thursday,15,1658
2013,Thursday,16,1797
2013,Thursday,17,2049
2013,Thursday,18,1590
2013,Thursday,19,1094
2013,Thursday,20,789
2013,Thursday,21,590
2013,Thursday,22,495
2013,Thursday,23,336
2013,Friday,0,239
2013,Friday,1,148
2013,Friday,2,123
2013,Friday,3,99
2013,Friday,4,81
2013,Friday,5,181
2013,Friday,6,433
2013,Friday,7,960
2013,Friday,8,1708
2013,Friday,9,1129
2013,Friday,10,1026
2013,Friday,11,1096
2013,Friday,12,1363
2013,Friday,13,1361
2013,Friday,14,1391
2013,Friday,15,1894
2013,Friday,16,1987
2013,Friday,17,2092
2013,Friday,18,1662
2013,Friday,19,1228
2013,Friday,20,917
2013,Friday,21,744
2013,Friday,22,602
2013,Friday,23,580
2013,Saturday,0,415
2013,Saturday,1,352
2013,Saturday,2,335
2013,Saturday,3,244
2013,Saturday,4,178
2013,Saturday,5,200
2013,Saturday,6,252
2013,Saturday,7,350
2013,Saturday,8,521
2013,Saturday,9,723
2013,Saturday,10,1023
2013,Saturday,11,1246
2013,Saturday,12,1419
2013,Saturday,13,1281
2013,Saturday,14,1280
2013,Saturday,15,1216
2013,Saturday,16,1168
2013,Saturday,17,1246
2013,Saturday,18,1139
2013,Saturday,19,975
2013,Saturday,20,762
2013,Saturday,21,553
2013,Saturday,22,606
2013,Saturday,23,543
2013,Sunday,0,532
2013,Sunday,1,467
2013,Sunday,2,352
2013,Sunday,3,307
2013,Sunday,4,215
2013,Sunday,5,188
2013,Sunday,6,185
2013,Sunday,7,269
2013,Sunday,8,347
2013,Sunday,9,588
2013,Sunday,10,776
2013,Sunday,11,926
2013,Sunday,12,1077
2013,Sunday,13,1126
2013,Sunday,14,1009
2013,Sunday,15,1048
2013,Sunday,16,1042
2013,Sunday,17,980
2013,Sunday,18,923
2013,Sunday,19,658
2013,Sunday,20,649
2013,Sunday,21,465
2013,Sunday,22,433
2013,Sunday,23,292
2014,Monday,0,218
2014,Monday,1,129
2014,Monday,2,94
2014,Monday,3,78
2014,Monday,4,74
2014,Monday,5,198
2014,Monday,6,459
2014,Monday,7,1170
2014,Monday,8,1834
2014,Monday,9,1189
2014,Monday,10,966
2014,Monday,11,1131
2014,Monday,12,1247
2014,Monday,13,1218
2014,Monday,14,1245
2014,Monday,15,1656
2014,Monday,16,1780
2014,Monday,17,1985
2014,Monday,18,1491
2014,Monday,19,995
2014,Monday,20,726
2014,Monday,21,521
2014,Monday,22,438
2014,Monday,23,251
2014,Tuesday,0,167
2014,Tuesday,1,90
2014,Tuesday,2,72
2014,Tuesday,3,55
2014,Tuesday,4,61
2014,Tuesday,5,197
2014,Tuesday,6,496
2014,Tuesday,7,1301
2014,Tuesday,8,2104
2014,Tuesday,9,1321
2014,Tuesday,10,965
2014,Tuesday,11,1082
2014,Tuesday,12,1188
2014,Tuesday,13,1148
2014,Tuesday,14,1188
2014,Tuesday,15,1747
2014,Tuesday,16,1916
2014,Tuesday,17,2251
2014,Tuesday,18,1775
2014,Tuesday,19,1105
2014,Tuesday,20,777
2014,Tuesday,21,556
2014,Tuesday,22,463
2014,Tuesday,23,293
2014,Wednesday,0,180
2014,Wednesday,1,95
2014,Wednesday,2,93
2014,Wednesday,3,82
2014,Wednesday,4,87
2014,Wednesday,5,173
2014,Wednesday,6,490
2014,Wednesday,7,1251
2014,Wednesday,8,2072
2014,Wednesday,9,1184
2014,Wednesday,10,991
2014,Wednesday,11,1018
2014,Wednesday,12,1222
2014,Wednesday,13,1145
2014,Wednesday,14,1188
2014,Wednesday,15,1809
2014,Wednesday,16,1821
2014,Wednesday,17,2290
2014,Wednesday,18,1729
2014,Wednesday,19,1209
2014,Wednesday,20,727
2014,Wednesday,21,584
2014,Wednesday,22,464
2014,Wednesday,23,306
2014,Thursday,0,208
2014,Thursday,1,112
2014,Thursday,2,91
2014,Thursday,3,73
2014,Thursday,4,79
2014,Thursday,5,179
2014,Thursday,6,486
2014,Thursday,7,1212
2014,Thursday,8,2055
2014,Thursday,9,1162
2014,Thursday,10,894
2014,Thursday,11,993
2014,Thursday,12,1111
2014,Thursday,13,1178
2014,Thursday,14,1127
2014,Thursday,15,1671
2014,Thursday,16,1892
2014,Thursday,17,2199
2014,Thursday,18,1656
2014,Thursday,19,1149
2014,Thursday,20,816
2014,Thursday,21,606
2014,Thursday,22,463
2014,Thursday,23,368
2014,Friday,0,224
2014,Friday,1,141
2014,Friday,2,100
2014,Friday,3,80
2014,Friday,4,83
2014,Friday,5,174
2014,Friday,6,434
2014,Friday,7,1111
2014,Friday,8,1704
2014,Friday,9,1096
2014,Friday,10,996
2014,Friday,11,1165
2014,Friday,12,1367
2014,Friday,13,1398
2014,Friday,14,1547
2014,Friday,15,2079
2014,Friday,16,2050
2014,Friday,17,2243
2014,Friday,18,1792
2014,Friday,19,1275
2014,Friday,20,940
2014,Friday,21,734
2014,Friday,22,666
2014,Friday,23,561
2014,Saturday,0,477
2014,Saturday,1,396
2014,Saturday,2,284
2014,Saturday,3,241
2014,Saturday,4,201
2014,Saturday,5,173
2014,Saturday,6,237
2014,Saturday,7,400
2014,Saturday,8,609
2014,Saturday,9,832
2014,Saturday,10,1112
2014,Saturday,11,1389
2014,Saturday,12,1464
2014,Saturday,13,1470
2014,Saturday,14,1359
2014,Saturday,15,1226
2014,Saturday,16,1298
2014,Saturday,17,1305
2014,Saturday,18,1151
2014,Saturday,19,960
2014,Saturday,20,731
2014,Saturday,21,558
2014,Saturday,22,590
2014,Saturday,23,558
2014,Sunday,0,541
2014,Sunday,1,476
2014,Sunday,2,352
2014,Sunday,3,313
2014,Sunday,4,225
2014,Sunday,5,198
2014,Sunday,6,219
2014,Sunday,7,291
2014,Sunday,8,345
2014,Sunday,9,589
2014,Sunday,10,878
2014,Sunday,11,1072
2014,Sunday,12,1212
2014,Sunday,13,1159
2014,Sunday,14,1179
2014,Sunday,15,1083
2014,Sunday,16,1167
2014,Sunday,17,1051
2014,Sunday,18,935
2014,Sunday,19,820
2014,Sunday,20,631
2014,Sunday,21,521
2014,Sunday,22,376
2014,Sunday,23,307
2015,Monday,0,215
2015,Monday,1,138
2015,Monday,2,73
2015,Monday,3,77
2015,Monday,4,79
2015,Monday,5,175
2015,Monday,6,437
2015,Monday,7,1096
2015,Monday,8,1726
2015,Monday,9,1031
2015,Monday,10,839
2015,Monday,11,1009
2015,Monday,12,1108
2015,Monday,13,1184
2015,Monday,14,1199
2015,Monday,15,1632
2015,Monday,16,1776
2015,Monday,17,1901
2015,Monday,18,1429
2015,Monday,19,992
2015,Monday,20,714
2015,Monday,21,509
2015,Monday,22,414
2015,Monday,23,277
2015,Tuesday,0,199
2015,Tuesday,1,109
2015,Tuesday,2,76
2015,Tuesday,3,61
2015,Tuesday,4,57
2015,Tuesday,5,176
2015,Tuesday,6,459
2015,Tuesday,7,1238
2015,Tuesday,8,1992
2015,Tuesday,9,1204
2015,Tuesday,10,977
2015,Tuesday,11,955
2015,Tuesday,12,1083
2015,Tuesday,13,1157
2015,Tuesday,14,1128
2015,Tuesday,15,1674
2015,Tuesday,16,1840
2015,Tuesday,17,2222
2015,Tuesday,18,1612
2015,Tuesday,19,1135
2015,Tuesday,20,757
2015,Tuesday,21,556
2015,Tuesday,22,467
2015,Tuesday,23,292
2015,Wednesday,0,161
2015,Wednesday,1,108
2015,Wednesday,2,60
2015,Wednesday,3,67
2015,Wednesday,4,64
2015,Wednesday,5,180
2015,Wednesday,6,529
2015,Wednesday,7,1307
2015,Wednesday,8,2096
2015,Wednesday,9,1184
2015,Wednesday,10,924
2015,Wednesday,11,1013
2015,Wednesday,12,1072
2015,Wednesday,13,1131
2015,Wednesday,14,1168
2015,Wednesday,15,1619
2015,Wednesday,16,1880
2015,Wednesday,17,2136
2015,Wednesday,18,1514
2015,Wednesday,19,1106
2015,Wednesday,20,718
2015,Wednesday,21,559
2015,Wednesday,22,460
2015,Wednesday,23,311
2015,Thursday,0,216
2015,Thursday,1,142
2015,Thursday,2,102
2015,Thursday,3,105
2015,Thursday,4,90
2015,Thursday,5,152
2015,Thursday,6,449
2015,Thursday,7,1243
2015,Thursday,8,1926
2015,Thursday,9,1050
2015,Thursday,10,887
2015,Thursday,11,1015
2015,Thursday,12,1046
2015,Thursday,13,1054
2015,Thursday,14,1206
2015,Thursday,15,1670
2015,Thursday,16,1886
2015,Thursday,17,2112
2015,Thursday,18,1691
2015,Thursday,19,1194
2015,Thursday,20,803
2015,Thursday,21,564
2015,Thursday,22,504
2015,Thursday,23,366
2015,Friday,0,216
2015,Friday,1,157
2015,Friday,2,114
2015,Friday,3,79
2015,Friday,4,73
2015,Friday,5,172
2015,Friday,6,425
2015,Friday,7,1003
2015,Friday,8,1667
2015,Friday,9,1025
2015,Friday,10,920
2015,Friday,11,1067
2015,Friday,12,1274
2015,Friday,13,1353
2015,Friday,14,1421
2015,Friday,15,1936
2015,Friday,16,1908
2015,Friday,17,2021
2015,Friday,18,1568
2015,Friday,19,1202
2015,Friday,20,887
2015,Friday,21,694
2015,Friday,22,646
2015,Friday,23,540
2015,Saturday,0,435
2015,Saturday,1,357
2015,Saturday,2,324
2015,Saturday,3,240
2015,Saturday,4,182
2015,Saturday,5,189
2015,Saturday,6,221
2015,Saturday,7,348
2015,Saturday,8,514
2015,Saturday,9,771
2015,Saturday,10,940
2015,Saturday,11,1229
2015,Saturday,12,1388
2015,Saturday,13,1346
2015,Saturday,14,1272
2015,Saturday,15,1212
2015,Saturday,16,1180
2015,Saturday,17,1250
2015,Saturday,18,1185
2015,Saturday,19,980
2015,Saturday,20,700
2015,Saturday,21,632
2015,Saturday,22,641
2015,Saturday,23,573
2015,Sunday,0,518
2015,Sunday,1,418
2015,Sunday,2,334
2015,Sunday,3,290
2015,Sunday,4,224
2015,Sunday,5,195
2015,Sunday,6,229
2015,Sunday,7,293
2015,Sunday,8,331
2015,Sunday,9,522
2015,Sunday,10,752
2015,Sunday,11,952
2015,Sunday,12,1109
2015,Sunday,13,1147
2015,Sunday,14,1116
2015,Sunday,15,1095
2015,Sunday,16,1122
2015,Sunday,17,1087
2015,Sunday,18,907
2015,Sunday,19,731
2015,Sunday,20,651
2015,Sunday,21,522
2015,Sunday,22,409
2015,Sunday,23,302
2016,Monday,0,194
2016,Monday,1,160
2016,Monday,2,105
2016,Monday,3,72
2016,Monday,4,82
2016,Monday,5,168
2016,Monday,6,485
2016,Monday,7,1064
2016,Monday,8,1682
2016,Monday,9,1081
2016,Monday,10,905
2016,Monday,11,869
2016,Monday,12,1021
2016,Monday,13,1065
2016,Monday,14,1087
2016,Monday,15,1516
2016,Monday,16,1703
2016,Monday,17,1867
2016,Monday,18,1359
2016,Monday,19,920
2016,Monday,20,638
2016,Monday,21,525
2016,Monday,22,420
2016,Monday,23,275
2016,Tuesday,0,156
2016,Tuesday,1,108
2016,Tuesday,2,68
2016,Tuesday,3,77
2016,Tuesday,4,69
2016,Tuesday,5,175
2016,Tuesday,6,498
2016,Tuesday,7,1162
2016,Tuesday,8,1806
2016,Tuesday,9,1159
2016,Tuesday,10,908
2016,Tuesday,11,924
2016,Tuesday,12,961
2016,Tuesday,13,1118
2016,Tuesday,14,1158
2016,Tuesday,15,1469
2016,Tuesday,16,1776
2016,Tuesday,17,2009
2016,Tuesday,18,1550
2016,Tuesday,19,1038
2016,Tuesday,20,679
2016,Tuesday,21,540
2016,Tuesday,22,411
2016,Tuesday,23,281
2016,Wednesday,0,159
2016,Wednesday,1,107
2016,Wednesday,2,65
2016,Wednesday,3,66
2016,Wednesday,4,68
2016,Wednesday,5,175
2016,Wednesday,6,496
2016,Wednesday,7,1199
2016,Wednesday,8,2047
2016,Wednesday,9,1089
2016,Wednesday,10,882
2016,Wednesday,11,991
2016,Wednesday,12,1105
2016,Wednesday,13,1090
2016,Wednesday,14,1182
2016,Wednesday,15,1665
2016,Wednesday,16,1737
2016,Wednesday,17,1987
2016,Wednesday,18,1603
2016,Wednesday,19,1057
2016,Wednesday,20,732
2016,Wednesday,21,555
2016,Wednesday,22,492
2016,Wednesday,23,313
2016,Thursday,0,204
2016,Thursday,1,110
2016,Thursday,2,75
2016,Thursday,3,80
2016,Thursday,4,73
2016,Thursday,5,164
2016,Thursday,6,494
2016,Thursday,7,1200
2016,Thursday,8,1852
2016,Thursday,9,1106
2016,Thursday,10,885
2016,Thursday,11,959
2016,Thursday,12,1073
2016,Thursday,13,1134
2016,Thursday,14,1184
2016,Thursday,15,1636
2016,Thursday,16,1801
2016,Thursday,17,2038
2016,Thursday,18,1539
2016,Thursday,19,1099
2016,Thursday,20,753
2016,Thursday,21,578
2016,Thursday,22,549
2016,Thursday,23,359
2016,Friday,0,256
2016,Friday,1,175
2016,Friday,2,151
2016,Friday,3,122
2016,Friday,4,90
2016,Friday,5,179
2016,Friday,6,437
2016,Friday,7,1093
2016,Friday,8,1694
2016,Friday,9,988
2016,Friday,10,997
2016,Friday,11,1048
2016,Friday,12,1279
2016,Friday,13,1269
2016,Friday,14,1463
2016,Friday,15,1823
2016,Friday,16,1867
2016,Friday,17,1925
2016,Friday,18,1645
2016,Friday,19,1282
2016,Friday,20,900
2016,Friday,21,722
2016,Friday,22,634
2016,Friday,23,533
2016,Saturday,0,458
2016,Saturday,1,371
2016,Saturday,2,276
2016,Saturday,3,217
2016,Saturday,4,183
2016,Saturday,5,190
2016,Saturday,6,242
2016,Saturday,7,333
2016,Saturday,8,541
2016,Saturday,9,668
2016,Saturday,10,998
2016,Saturday,11,1185
2016,Saturday,12,1270
2016,Saturday,13,1290
2016,Saturday,14,1233
2016,Saturday,15,1186
2016,Saturday,16,1160
2016,Saturday,17,1249
2016,Saturday,18,1181
2016,Saturday,19,993
2016,Saturday,20,760
2016,Saturday,21,663
2016,Saturday,22,620
2016,Saturday,23,548
2016,Sunday,0,530
2016,Sunday,1,426
2016,Sunday,2,297
2016,Sunday,3,298
2016,Sunday,4,213
2016,Sunday,5,184
2016,Sunday,6,220
2016,Sunday,7,243
2016,Sunday,8,328
2016,Sunday,9,500
2016,Sunday,10,785
2016,Sunday,11,968
2016,Sunday,12,1065
2016,Sunday,13,1079
2016,Sunday,14,1108
2016,Sunday,15,1113
2016,Sunday,16,1036
2016,Sunday,17,989
2016,Sunday,18,898
2016,Sunday,19,802
2016,Sunday,20,672
2016,Sunday,21,529
2016,Sunday,22,396
2016,Sunday,23,341
2017,Monday,0,222
2017,Monday,1,130
2017,Monday,2,90
2017,Monday,3,88
2017,Monday,4,66
2017,Monday,5,172
2017,Monday,6,446
2017,Monday,7,932
2017,Monday,8,1605
2017,Monday,9,949
2017,Monday,10,816
2017,Monday,11,852
2017,Monday,12,943
2017,Monday,13,1073
2017,Monday,14,1033
2017,Monday,15,1486
2017,Monday,16,1481
2017,Monday,17,1677
2017,Monday,18,1262
2017,Monday,19,856
2017,Monday,20,633
2017,Monday,21,496
2017,Monday,22,367
2017,Monday,23,259
2017,Tuesday,0,165
2017,Tuesday,1,110
2017,Tuesday,2,57
2017,Tuesday,3,54
2017,Tuesday,4,68
2017,Tuesday,5,165
2017,Tuesday,6,460
2017,Tuesday,7,1154
2017,Tuesday,8,1723
2017,Tuesday,9,1041
2017,Tuesday,10,809
2017,Tuesday,11,870
2017,Tuesday,12,1013
2017,Tuesday,13,1013
2017,Tuesday,14,1029
2017,Tuesday,15,1510
2017,Tuesday,16,1663
2017,Tuesday,17,2034
2017,Tuesday,18,1490
2017,Tuesday,19,989
2017,Tuesday,20,715
2017,Tuesday,21,573
2017,Tuesday,22,476
2017,Tuesday,23,298
2017,Wednesday,0,183
2017,Wednesday,1,112
2017,Wednesday,2,87
2017,Wednesday,3,63
2017,Wednesday,4,63
2017,Wednesday,5,158
2017,Wednesday,6,441
2017,Wednesday,7,1107
2017,Wednesday,8,1738
2017,Wednesday,9,951
2017,Wednesday,10,782
2017,Wednesday,11,844
2017,Wednesday,12,990
2017,Wednesday,13,1030
2017,Wednesday,14,1065
2017,Wednesday,15,1549
2017,Wednesday,16,1679
2017,Wednesday,17,1933
2017,Wednesday,18,1470
2017,Wednesday,19,1027
2017,Wednesday,20,704
2017,Wednesday,21,581
2017,Wednesday,22,448
2017,Wednesday,23,313
2017,Thursday,0,185
2017,Thursday,1,115
2017,Thursday,2,92
2017,Thursday,3,68
2017,Thursday,4,63
2017,Thursday,5,182
2017,Thursday,6,465
2017,Thursday,7,1055
2017,Thursday,8,1789
2017,Thursday,9,1038
2017,Thursday,10,878
2017,Thursday,11,908
2017,Thursday,12,961
2017,Thursday,13,1073
2017,Thursday,14,1085
2017,Thursday,15,1507
2017,Thursday,16,1711
2017,Thursday,17,1971
2017,Thursday,18,1500
2017,Thursday,19,1039
2017,Thursday,20,736
2017,Thursday,21,544
2017,Thursday,22,490
2017,Thursday,23,340
2017,Friday,0,234
2017,Friday,1,138
2017,Friday,2,114
2017,Friday,3,89
2017,Friday,4,91
2017,Friday,5,200
2017,Friday,6,439
2017,Friday,7,1035
2017,Friday,8,1520
2017,Friday,9,1024
2017,Friday,10,892
2017,Friday,11,1019
2017,Friday,12,1137
2017,Friday,13,1164
2017,Friday,14,1328
2017,Friday,15,1818
2017,Friday,16,1709
2017,Friday,17,1876
2017,Friday,18,1523
2017,Friday,19,1177
2017,Friday,20,851
2017,Friday,21,656
2017,Friday,22,654
2017,Friday,23,550
2017,Saturday,0,453
2017,Saturday,1,323
2017,Saturday,2,247
2017,Saturday,3,256
2017,Saturday,4,175
2017,Saturday,5,193
2017,Saturday,6,199
2017,Saturday,7,326
2017,Saturday,8,523
2017,Saturday,9,690
2017,Saturday,10,907
2017,Saturday,11,1090
2017,Saturday,12,1285
2017,Saturday,13,1217
2017,Saturday,14,1140
2017,Saturday,15,1160
2017,Saturday,16,1108
2017,Saturday,17,1180
2017,Saturday,18,1149
2017,Saturday,19,986
2017,Saturday,20,793
2017,Saturday,21,621
2017,Saturday,22,609
2017,Saturday,23,594
2017,Sunday,0,509
2017,Sunday,1,424
2017,Sunday,2,321
2017,Sunday,3,269
2017,Sunday,4,210
2017,Sunday,5,182
2017,Sunday,6,197
2017,Sunday,7,266
2017,Sunday,8,322
2017,Sunday,9,534
2017,Sunday,10,783
2017,Sunday,11,889
2017,Sunday,12,1063
2017,Sunday,13,1065
2017,Sunday,14,1069
2017,Sunday,15,1077
2017,Sunday,16,1068
2017,Sunday,17,1010
2017,Sunday,18,969
2017,Sunday,19,815
2017,Sunday,20,653
2017,Sunday,21,497
2017,Sunday,22,445
2017,Sunday,23,338
2018,Monday,0,220
2018,Monday,1,136
2018,Monday,2,125
2018,Monday,3,96
2018,Monday,4,104
2018,Monday,5,174
2018,Monday,6,389
2018,Monday,7,1000
2018,Monday,8,1446
2018,Monday,9,973
2018,Monday,10,778
2018,Monday,11,844
2018,Monday,12,983
2018,Monday,13,965
2018,Monday,14,1082
2018,Monday,15,1459
2018,Monday,16,1511
2018,Monday,17,1630
2018,Monday,18,1286
2018,Monday,19,845
2018,Monday,20,562
2018,Monday,21,453
2018,Monday,22,397
2018,Monday,23,274
2018,Tuesday,0,167
2018,Tuesday,1,103
2018,Tuesday,2,67
2018,Tuesday,3,68
2018,Tuesday,4,68
2018,Tuesday,5,146
2018,Tuesday,6,472
2018,Tuesday,7,1015
2018,Tuesday,8,1590
2018,Tuesday,9,1029
2018,Tuesday,10,774
2018,Tuesday,11,848
2018,Tuesday,12,898
2018,Tuesday,13,941
2018,Tuesday,14,995
2018,Tuesday,15,1383
2018,Tuesday,16,1537
2018,Tuesday,17,1740
2018,Tuesday,18,1388
2018,Tuesday,19,942
2018,Tuesday,20,655
2018,Tuesday,21,456
2018,Tuesday,22,403
2018,Tuesday,23,258
2018,Wednesday,0,164
2018,Wednesday,1,100
2018,Wednesday,2,95
2018,Wednesday,3,64
2018,Wednesday,4,85
2018,Wednesday,5,171
2018,Wednesday,6,375
2018,Wednesday,7,1103
2018,Wednesday,8,1645
2018,Wednesday,9,953
2018,Wednesday,10,766
2018,Wednesday,11,850
2018,Wednesday,12,985
2018,Wednesday,13,887
2018,Wednesday,14,1062
2018,Wednesday,15,1542
2018,Wednesday,16,1561
2018,Wednesday,17,1703
2018,Wednesday,18,1400
2018,Wednesday,19,942
2018,Wednesday,20,646
2018,Wednesday,21,514
2018,Wednesday,22,456
2018,Wednesday,23,322
2018,Thursday,0,175
2018,Thursday,1,111
2018,Thursday,2,88
2018,Thursday,3,77
2018,Thursday,4,83
2018,Thursday,5,177
2018,Thursday,6,422
2018,Thursday,7,1051
2018,Thursday,8,1632
2018,Thursday,9,934
2018,Thursday,10,851
2018,Thursday,11,828
2018,Thursday,12,944
2018,Thursday,13,1006
2018,Thursday,14,1046
2018,Thursday,15,1474
2018,Thursday,16,1558
2018,Thursday,17,1732
2018,Thursday,18,1471
2018,Thursday,19,956
2018,Thursday,20,674
2018,Thursday,21,533
2018,Thursday,22,476
2018,Thursday,23,348
2018,Friday,0,248
2018,Friday,1,148
2018,Friday,2,114
2018,Friday,3,80
2018,Friday,4,83
2018,Friday,5,179
2018,Friday,6,406
2018,Friday,7,940
2018,Friday,8,1471
2018,Friday,9,894
2018,Friday,10,767
2018,Friday,11,937
2018,Friday,12,1094
2018,Friday,13,1169
2018,Friday,14,1261
2018,Friday,15,1606
2018,Friday,16,1714
2018,Friday,17,1731
2018,Friday,18,1466
2018,Friday,19,1116
2018,Friday,20,784
2018,Friday,21,654
2018,Friday,22,590
2018,Friday,23,558
2018,Saturday,0,381
2018,Saturday,1,299
2018,Saturday,2,243
2018,Saturday,3,180
2018,Saturday,4,172
2018,Saturday,5,175
2018,Saturday,6,210
2018,Saturday,7,290
2018,Saturday,8,457
2018,Saturday,9,593
2018,Saturday,10,861
2018,Saturday,11,1000
2018,Saturday,12,1185
2018,Saturday,13,1134
2018,Saturday,14,1130
2018,Saturday,15,1020
2018,Saturday,16,1095
2018,Saturday,17,1151
2018,Saturday,18,1006
2018,Saturday,19,948
2018,Saturday,20,801
2018,Saturday,21,601
2018,Saturday,22,545
2018,Saturday,23,584
2018,Sunday,0,493
2018,Sunday,1,368
2018,Sunday,2,321
2018,Sunday,3,269
2018,Sunday,4,203
2018,Sunday,5,176
2018,Sunday,6,204
2018,Sunday,7,237
2018,Sunday,8,296
2018,Sunday,9,498
2018,Sunday,10,691
2018,Sunday,11,802
2018,Sunday,12,1022
2018,Sunday,13,1033
2018,Sunday,14,975
2018,Sunday,15,1013
2018,Sunday,16,925
2018,Sunday,17,923
2018,Sunday,18,864
2018,Sunday,19,728
2018,Sunday,20,573
2018,Sunday,21,463
2018,Sunday,22,397
2018,Sunday,23,322
2019,Monday,0,190
2019,Monday,1,121
2019,Monday,2,94
2019,Monday,3,77
2019,Monday,4,76
2019,Monday,5,165
2019,Monday,6,396
2019,Monday,7,893
2019,Monday,8,1376
2019,Monday,9,907
2019,Monday,10,742
2019,Monday,11,844
2019,Monday,12,876
2019,Monday,13,911
2019,Monday,14,963
2019,Monday,15,1364
2019,Monday,16,1483
2019,Monday,17,1519
2019,Monday,18,1198
2019,Monday,19,826
2019,Monday,20,559
2019,Monday,21,433
2019,Monday,22,387
2019,Monday,23,235
2019,Tuesday,0,162
2019,Tuesday,1,108
2019,Tuesday,2,87
2019,Tuesday,3,69
2019,Tuesday,4,77
2019,Tuesday,5,139
2019,Tuesday,6,415
2019,Tuesday,7,1007
2019,Tuesday,8,1586
2019,Tuesday,9,967
2019,Tuesday,10,753
2019,Tuesday,11,836
2019,Tuesday,12,863
2019,Tuesday,13,939
2019,Tuesday,14,972
2019,Tuesday,15,1455
2019,Tuesday,16,1484
2019,Tuesday,17,1722
2019,Tuesday,18,1303
2019,Tuesday,19,865
2019,Tuesday,20,635
2019,Tuesday,21,480
2019,Tuesday,22,411
2019,Tuesday,23,257
2019,Wednesday,0,166
2019,Wednesday,1,112
2019,Wednesday,2,81
2019,Wednesday,3,68
2019,Wednesday,4,90
2019,Wednesday,5,174
2019,Wednesday,6,434
2019,Wednesday,7,1055
2019,Wednesday,8,1587
2019,Wednesday,9,948
2019,Wednesday,10,764
2019,Wednesday,11,785
2019,Wednesday,12,875
2019,Wednesday,13,981
2019,Wednesday,14,961
2019,Wednesday,15,1411
2019,Wednesday,16,1459
2019,Wednesday,17,1756
2019,Wednesday,18,1281
2019,Wednesday,19,928
2019,Wednesday,20,610
2019,Wednesday,21,472
2019,Wednesday,22,488
2019,Wednesday,23,287
2019,Thursday,0,202
2019,Thursday,1,124
2019,Thursday,2,87
2019,Thursday,3,76
2019,Thursday,4,83
2019,Thursday,5,168
2019,Thursday,6,427
2019,Thursday,7,1006
2019,Thursday,8,1548
2019,Thursday,9,875
2019,Thursday,10,739
2019,Thursday,11,814
2019,Thursday,12,889
2019,Thursday,13,892
2019,Thursday,14,950
2019,Thursday,15,1399
2019,Thursday,16,1611
2019,Thursday,17,1665
2019,Thursday,18,1397
2019,Thursday,19,980
2019,Thursday,20,680
2019,Thursday,21,560
2019,Thursday,22,474
2019,Thursday,23,327
2019,Friday,0,219
2019,Friday,1,147
2019,Friday,2,102
2019,Friday,3,93
2019,Friday,4,79
2019,Friday,5,190
2019,Friday,6,357
2019,Friday,7,823
2019,Friday,8,1330
2019,Friday,9,826
2019,Friday,10,767
2019,Friday,11,895
2019,Friday,12,972
2019,Friday,13,1106
2019,Friday,14,1192
2019,Friday,15,1627
2019,Friday,16,1600
2019,Friday,17,1680
2019,Friday,18,1381
2019,Friday,19,1051
2019,Friday,20,794
2019,Friday,21,705
2019,Friday,22,584
2019,Friday,23,530
2019,Saturday,0,470
2019,Saturday,1,321
2019,Saturday,2,220
2019,Saturday,3,183
2019,Saturday,4,180
2019,Saturday,5,151
2019,Saturday,6,197
2019,Saturday,7,348
2019,Saturday,8,416
2019,Saturday,9,561
2019,Saturday,10,798
2019,Saturday,11,980
2019,Saturday,12,1153
2019,Saturday,13,1146
2019,Saturday,14,1040
2019,Saturday,15,976
2019,Saturday,16,984
2019,Saturday,17,1016
2019,Saturday,18,1014
2019,Saturday,19,918
2019,Saturday,20,698
2019,Saturday,21,599
2019,Saturday,22,621
2019,Saturday,23,562
2019,Sunday,0,484
2019,Sunday,1,394
2019,Sunday,2,295
2019,Sunday,3,261
2019,Sunday,4,206
2019,Sunday,5,182
2019,Sunday,6,178
2019,Sunday,7,221
2019,Sunday,8,283
2019,Sunday,9,411
2019,Sunday,10,625
2019,Sunday,11,804
2019,Sunday,12,971
2019,Sunday,13,970
2019,Sunday,14,914
2019,Sunday,15,936
2019,Sunday,16,838
2019,Sunday,17,837
2019,Sunday,18,771
2019,Sunday,19,664
2019,Sunday,20,558
2019,Sunday,21,454
2019,Sunday,22,396
2019,Sunday,23,280
2020,Monday,0,125
2020,Monday,1,94
2020,Monday,2,66
2020,Monday,3,51
2020,Monday,4,53
2020,Monday,5,119
2020,Monday,6,298
2020,Monday,7,647
2020,Monday,8,857
2020,Monday,9,584
2020,Monday,10,588
2020,Monday,11,646
2020,Monday,12,711
2020,Monday,13,772
2020,Monday,14,816
2020,Monday,15,1077
2020,Monday,16,1101
2020,Monday,17,1214
2020,Monday,18,941
2020,Monday,19,693
2020,Monday,20,455
2020,Monday,21,369
2020,Monday,22,302
2020,Monday,23,193
2020,Tuesday,0,109
2020,Tuesday,1,91
2020,Tuesday,2,70
2020,Tuesday,3,45
2020,Tuesday,4,59
2020,Tuesday,5,110
2020,Tuesday,6,317
2020,Tuesday,7,680
2020,Tuesday,8,1012
2020,Tuesday,9,664
2020,Tuesday,10,635
2020,Tuesday,11,687
2020,Tuesday,12,646
2020,Tuesday,13,782
2020,Tuesday,14,854
2020,Tuesday,15,1100
2020,Tuesday,16,1121
2020,Tuesday,17,1213
2020,Tuesday,18,1018
2020,Tuesday,19,665
2020,Tuesday,20,488
2020,Tuesday,21,385
2020,Tuesday,22,323
2020,Tuesday,23,192
2020,Wednesday,0,133
2020,Wednesday,1,106
2020,Wednesday,2,65
2020,Wednesday,3,61
2020,Wednesday,4,70
2020,Wednesday,5,143
2020,Wednesday,6,321
2020,Wednesday,7,708
2020,Wednesday,8,954
2020,Wednesday,9,593
2020,Wednesday,10,590
2020,Wednesday,11,641
2020,Wednesday,12,740
2020,Wednesday,13,797
2020,Wednesday,14,881
2020,Wednesday,15,1133
2020,Wednesday,16,1160
2020,Wednesday,17,1197
2020,Wednesday,18,1035
2020,Wednesday,19,734
2020,Wednesday,20,511
2020,Wednesday,21,439
2020,Wednesday,22,319
2020,Wednesday,23,228
2020,Thursday,0,129
2020,Thursday,1,101
2020,Thursday,2,80
2020,Thursday,3,69
2020,Thursday,4,57
2020,Thursday,5,124
2020,Thursday,6,336
2020,Thursday,7,661
2020,Thursday,8,1007
2020,Thursday,9,644
2020,Thursday,10,610
2020,Thursday,11,712
2020,Thursday,12,754
2020,Thursday,13,792
2020,Thursday,14,897
2020,Thursday,15,1178
2020,Thursday,16,1208
2020,Thursday,17,1288
2020,Thursday,18,1065
2020,Thursday,19,776
2020,Thursday,20,549
2020,Thursday,21,420
2020,Thursday,22,371
2020,Thursday,23,226
2020,Friday,0,152
2020,Friday,1,94
2020,Friday,2,68
2020,Friday,3,82
2020,Friday,4,68
2020,Friday,5,128
2020,Friday,6,290
2020,Friday,7,644
2020,Friday,8,901
2020,Friday,9,651
2020,Friday,10,621
2020,Friday,11,735
2020,Friday,12,882
2020,Friday,13,894
2020,Friday,14,1021
2020,Friday,15,1229
2020,Friday,16,1181
2020,Friday,17,1273
2020,Friday,18,1034
2020,Friday,19,875
2020,Friday,20,669
2020,Friday,21,568
2020,Friday,22,463
2020,Friday,23,363
2020,Saturday,0,234
2020,Saturday,1,203
2020,Saturday,2,139
2020,Saturday,3,114
2020,Saturday,4,104
2020,Saturday,5,110
2020,Saturday,6,157
2020,Saturday,7,241
2020,Saturday,8,299
2020,Saturday,9,460
2020,Saturday,10,633
2020,Saturday,11,773
2020,Saturday,12,898
2020,Saturday,13,871
2020,Saturday,14,912
2020,Saturday,15,840
2020,Saturday,16,835
2020,Saturday,17,861
2020,Saturday,18,842
2020,Saturday,19,758
2020,Saturday,20,614
2020,Saturday,21,534
2020,Saturday,22,515
2020,Saturday,23,387
2020,Sunday,0,306
2020,Sunday,1,226
2020,Sunday,2,170
2020,Sunday,3,144
2020,Sunday,4,97
2020,Sunday,5,120
2020,Sunday,6,111
2020,Sunday,7,155
2020,Sunday,8,235
2020,Sunday,9,320
2020,Sunday,10,495
2020,Sunday,11,617
2020,Sunday,12,764
2020,Sunday,13,833
2020,Sunday,14,863
2020,Sunday,15,804
2020,Sunday,16,774
2020,Sunday,17,767
2020,Sunday,18,680
2020,Sunday,19,546
2020,Sunday,20,428
2020,Sunday,21,390
2020,Sunday,22,262
2020,Sunday,23,207
2021,Monday,0,172
2021,Monday,1,120
2021,Monday,2,86
2021,Monday,3,81
2021,Monday,4,62
2021,Monday,5,135
2021,Monday,6,302
2021,Monday,7,626
2021,Monday,8,991
2021,Monday,9,646
2021,Monday,10,589
2021,Monday,11,680
2021,Monday,12,776
2021,Monday,13,848
2021,Monday,14,970
2021,Monday,15,1242
2021,Monday,16,1241
2021,Monday,17,1284
2021,Monday,18,977
2021,Monday,19,730
2021,Monday,20,463
2021,Monday,21,412
2021,Monday,22,321
2021,Monday,23,218
2021,Tuesday,0,118
2021,Tuesday,1,87
2021,Tuesday,2,70
2021,Tuesday,3,58
2021,Tuesday,4,60
2021,Tuesday,5,142
2021,Tuesday,6,307
2021,Tuesday,7,764
2021,Tuesday,8,1133
2021,Tuesday,9,730
2021,Tuesday,10,601
2021,Tuesday,11,685
2021,Tuesday,12,799
2021,Tuesday,13,809
2021,Tuesday,14,949
2021,Tuesday,15,1217
2021,Tuesday,16,1325
2021,Tuesday,17,1425
2021,Tuesday,18,1014
2021,Tuesday,19,772
2021,Tuesday,20,555
2021,Tuesday,21,441
2021,Tuesday,22,338
2021,Tuesday,23,201
2021,Wednesday,0,146
2021,Wednesday,1,88
2021,Wednesday,2,70
2021,Wednesday,3,57
2021,Wednesday,4,67
2021,Wednesday,5,131
2021,Wednesday,6,297
2021,Wednesday,7,704
2021,Wednesday,8,1129
2021,Wednesday,9,705
2021,Wednesday,10,590
2021,Wednesday,11,723
2021,Wednesday,12,857
2021,Wednesday,13,806
2021,Wednesday,14,931
2021,Wednesday,15,1333
2021,Wednesday,16,1344
2021,Wednesday,17,1399
2021,Wednesday,18,1069
2021,Wednesday,19,826
2021,Wednesday,20,532
2021,Wednesday,21,467
2021,Wednesday,22,381
2021,Wednesday,23,246
2021,Thursday,0,178
2021,Thursday,1,105
2021,Thursday,2,60
2021,Thursday,3,55
2021,Thursday,4,54
2021,Thursday,5,131
2021,Thursday,6,339
2021,Thursday,7,669
2021,Thursday,8,1086
2021,Thursday,9,695
2021,Thursday,10,638
2021,Thursday,11,723
2021,Thursday,12,877
2021,Thursday,13,853
2021,Thursday,14,881
2021,Thursday,15,1338
2021,Thursday,16,1288
2021,Thursday,17,1422
2021,Thursday,18,1102
2021,Thursday,19,813
2021,Thursday,20,656
2021,Thursday,21,483
2021,Thursday,22,383
2021,Thursday,23,293
2021,Friday,0,176
2021,Friday,1,105
2021,Friday,2,92
2021,Friday,3,76
2021,Friday,4,75
2021,Friday,5,130
2021,Friday,6,314
2021,Friday,7,676
2021,Friday,8,1036
2021,Friday,9,697
2021,Friday,10,713
2021,Friday,11,831
2021,Friday,12,975
2021,Friday,13,1050
2021,Friday,14,1152
2021,Friday,15,1510
2021,Friday,16,1461
2021,Friday,17,1456
2021,Friday,18,1282
2021,Friday,19,964
2021,Friday,20,726
2021,Friday,21,561
2021,Friday,22,509
2021,Friday,23,460
2021,Saturday,0,333
2021,Saturday,1,274
2021,Saturday,2,177
2021,Saturday,3,134
2021,Saturday,4,141
2021,Saturday,5,138
2021,Saturday,6,175
2021,Saturday,7,261
2021,Saturday,8,357
2021,Saturday,9,539
2021,Saturday,10,656
2021,Saturday,11,887
2021,Saturday,12,1026
2021,Saturday,13,1046
2021,Saturday,14,974
2021,Saturday,15,933
2021,Saturday,16,973
2021,Saturday,17,1008
2021,Saturday,18,909
2021,Saturday,19,845
2021,Saturday,20,670
2021,Saturday,21,501
2021,Saturday,22,521
2021,Saturday,23,480
2021,Sunday,0,376
2021,Sunday,1,288
2021,Sunday,2,222
2021,Sunday,3,174
2021,Sunday,4,126
2021,Sunday,5,127
2021,Sunday,6,158
2021,Sunday,7,210
2021,Sunday,8,266
2021,Sunday,9,377
2021,Sunday,10,562
2021,Sunday,11,727
2021,Sunday,12,870
2021,Sunday,13,851
2021,Sunday,14,866
2021,Sunday,15,817
2021,Sunday,16,863
2021,Sunday,17,760
2021,Sunday,18,679
2021,Sunday,19,612
2021,Sunday,20,552
2021,Sunday,21,411
2021,Sunday,22,355
2021,Sunday,23,244
2022,Monday,0,169
2022,Monday,1,127
2022,Monday,2,68
2022,Monday,3,71
2022,Monday,4,68
2022,Monday,5,121
2022,Monday,6,299
2022,Monday,7,699
2022,Monday,8,1138
2022,Monday,9,696
2022,Monday,10,608
2022,Monday,11,665
2022,Monday,12,753
2022,Monday,13,792
2022,Monday,14,887
2022,Monday,15,1201
2022,Monday,16,1185
2022,Monday,17,1321
2022,Monday,18,940
2022,Monday,19,747
2022,Monday,20,565
2022,Monday,21,361
2022,Monday,22,329
2022,Monday,23,243
2022,Tuesday,0,132
2022,Tuesday,1,93
2022,Tuesday,2,69
2022,Tuesday,3,51
2022,Tuesday,4,78
2022,Tuesday,5,116
2022,Tuesday,6,306
2022,Tuesday,7,782
2022,Tuesday,8,1311
2022,Tuesday,9,695
2022,Tuesday,10,638
2022,Tuesday,11,701
2022,Tuesday,12,765
2022,Tuesday,13,832
2022,Tuesday,14,891
2022,Tuesday,15,1273
2022,Tuesday,16,1350
2022,Tuesday,17,1434
2022,Tuesday,18,1082
2022,Tuesday,19,817
2022,Tuesday,20,536
2022,Tuesday,21,423
2022,Tuesday,22,353
2022,Tuesday,23,286
2022,Wednesday,0,173
2022,Wednesday,1,87
2022,Wednesday,2,67
2022,Wednesday,3,85
2022,Wednesday,4,68
2022,Wednesday,5,118
2022,Wednesday,6,362
2022,Wednesday,7,769
2022,Wednesday,8,1325
2022,Wednesday,9,743
2022,Wednesday,10,645
2022,Wednesday,11,690
2022,Wednesday,12,813
2022,Wednesday,13,801
2022,Wednesday,14,959
2022,Wednesday,15,1344
2022,Wednesday,16,1307
2022,Wednesday,17,1563
2022,Wednesday,18,1230
2022,Wednesday,19,854
2022,Wednesday,20,582
2022,Wednesday,21,440
2022,Wednesday,22,406
2022,Wednesday,23,303
2022,Thursday,0,183
2022,Thursday,1,132
2022,Thursday,2,89
2022,Thursday,3,67
2022,Thursday,4,72
2022,Thursday,5,136
2022,Thursday,6,331
2022,Thursday,7,803
2022,Thursday,8,1313
2022,Thursday,9,787
2022,Thursday,10,701
2022,Thursday,11,774
2022,Thursday,12,803
2022,Thursday,13,913
2022,Thursday,14,992
2022,Thursday,15,1380
2022,Thursday,16,1384
2022,Thursday,17,1502
2022,Thursday,18,1137
2022,Thursday,19,887
2022,Thursday,20,625
2022,Thursday,21,492
2022,Thursday,22,432
2022,Thursday,23,330
2022,Friday,0,228
2022,Friday,1,137
2022,Friday,2,91
2022,Friday,3,94
2022,Friday,4,102
2022,Friday,5,164
2022,Friday,6,290
2022,Friday,7,702
2022,Friday,8,1168
2022,Friday,9,743
2022,Friday,10,727
2022,Friday,11,828
2022,Friday,12,1020
2022,Friday,13,1087
2022,Friday,14,1171
2022,Friday,15,1548
2022,Friday,16,1538
2022,Friday,17,1487
2022,Friday,18,1305
2022,Friday,19,1054
2022,Friday,20,751
2022,Friday,21,607
2022,Friday,22,572
2022,Friday,23,495
2022,Saturday,0,400
2022,Saturday,1,322
2022,Saturday,2,246
2022,Saturday,3,199
2022,Saturday,4,147
2022,Saturday,5,142
2022,Saturday,6,177
2022,Saturday,7,273
2022,Saturday,8,440
2022,Saturday,9,529
2022,Saturday,10,806
2022,Saturday,11,1008
2022,Saturday,12,1100
2022,Saturday,13,1041
2022,Saturday,14,985
2022,Saturday,15,975
2022,Saturday,16,976
2022,Saturday,17,1060
2022,Saturday,18,932
2022,Saturday,19,840
2022,Saturday,20,704
2022,Saturday,21,582
2022,Saturday,22,598
2022,Saturday,23,526
2022,Sunday,0,448
2022,Sunday,1,328
2022,Sunday,2,262
2022,Sunday,3,225
2022,Sunday,4,162
2022,Sunday,5,142
2022,Sunday,6,181
2022,Sunday,7,157
2022,Sunday,8,245
2022,Sunday,9,398
2022,Sunday,10,623
2022,Sunday,11,706
2022,Sunday,12,883
2022,Sunday,13,872
2022,Sunday,14,881
2022,Sunday,15,798
2022,Sunday,16,816
2022,Sunday,17,792
2022,Sunday,18,739
2022,Sunday,19,697
2022,Sunday,20,529
2022,Sunday,21,461
2022,Sunday,22,390
2022,Sunday,23,264
2023,Monday,0,166
2023,Monday,1,113
2023,Monday,2,96
2023,Monday,3,71
2023,Monday,4,80
2023,Monday,5,147
2023,Monday,6,304
2023,Monday,7,707
2023,Monday,8,1111
2023,Monday,9,708
2023,Monday,10,587
2023,Monday,11,662
2023,Monday,12,739
2023,Monday,13,794
2023,Monday,14,848
2023,Monday,15,1291
2023,Monday,16,1253
2023,Monday,17,1417
2023,Monday,18,983
2023,Monday,19,698
2023,Monday,20,545
2023,Monday,21,413
2023,Monday,22,334
2023,Monday,23,219
2023,Tuesday,0,151
2023,Tuesday,1,108
2023,Tuesday,2,77
2023,Tuesday,3,57
2023,Tuesday,4,55
2023,Tuesday,5,156
2023,Tuesday,6,329
2023,Tuesday,7,834
2023,Tuesday,8,1321
2023,Tuesday,9,773
2023,Tuesday,10,673
2023,Tuesday,11,681
2023,Tuesday,12,793
2023,Tuesday,13,750
2023,Tuesday,14,913
2023,Tuesday,15,1309
2023,Tuesday,16,1357
2023,Tuesday,17,1564
2023,Tuesday,18,1132
2023,Tuesday,19,778
2023,Tuesday,20,542
2023,Tuesday,21,472
2023,Tuesday,22,383
2023,Tuesday,23,222
2023,Wednesday,0,177
2023,Wednesday,1,106
2023,Wednesday,2,70
2023,Wednesday,3,74
2023,Wednesday,4,61
2023,Wednesday,5,153
2023,Wednesday,6,303
2023,Wednesday,7,879
2023,Wednesday,8,1319
2023,Wednesday,9,783
2023,Wednesday,10,676
2023,Wednesday,11,700
2023,Wednesday,12,838
2023,Wednesday,13,850
2023,Wednesday,14,946
2023,Wednesday,15,1327
2023,Wednesday,16,1356
2023,Wednesday,17,1439
2023,Wednesday,18,1187
2023,Wednesday,19,803
2023,Wednesday,20,570
2023,Wednesday,21,448
2023,Wednesday,22,412
2023,Wednesday,23,270
2023,Thursday,0,174
2023,Thursday,1,126
2023,Thursday,2,76
2023,Thursday,3,68
2023,Thursday,4,48
2023,Thursday,5,148
2023,Thursday,6,347
2023,Thursday,7,764
2023,Thursday,8,1233
2023,Thursday,9,758
2023,Thursday,10,613
2023,Thursday,11,695
2023,Thursday,12,780
2023,Thursday,13,866
2023,Thursday,14,903
2023,Thursday,15,1356
2023,Thursday,16,1406
2023,Thursday,17,1463
2023,Thursday,18,1185
2023,Thursday,19,903
2023,Thursday,20,622
2023,Thursday,21,503
2023,Thursday,22,448
2023,Thursday,23,303
2023,Friday,0,209
2023,Friday,1,126
2023,Friday,2,98
2023,Friday,3,86
2023,Friday,4,84
2023,Friday,5,139
2023,Friday,6,324
2023,Friday,7,617
2023,Friday,8,1030
2023,Friday,9,659
2023,Friday,10,765
2023,Friday,11,825
2023,Friday,12,936
2023,Friday,13,1005
2023,Friday,14,1121
2023,Friday,15,1560
2023,Friday,16,1512
2023,Friday,17,1528
2023,Friday,18,1201
2023,Friday,19,944
2023,Friday,20,711
2023,Friday,21,614
2023,Friday,22,557
2023,Friday,23,465
2023,Saturday,0,382
2023,Saturday,1,274
2023,Saturday,2,215
2023,Saturday,3,153
2023,Saturday,4,154
2023,Saturday,5,147
2023,Saturday,6,164
2023,Saturday,7,215
2023,Saturday,8,351
2023,Saturday,9,532
2023,Saturday,10,718
2023,Saturday,11,917
2023,Saturday,12,966
2023,Saturday,13,1019
2023,Saturday,14,988
2023,Saturday,15,927
2023,Saturday,16,977
2023,Saturday,17,1020
2023,Saturday,18,993
2023,Saturday,19,760
2023,Saturday,20,627
2023,Saturday,21,597
2023,Saturday,22,530
2023,Saturday,23,554
2023,Sunday,0,447
2023,Sunday,1,368
2023,Sunday,2,242
2023,Sunday,3,195
2023,Sunday,4,150
2023,Sunday,5,143
2023,Sunday,6,122
2023,Sunday,7,190
2023,Sunday,8,233
2023,Sunday,9,378
2023,Sunday,10,543
2023,Sunday,11,725
2023,Sunday,12,825
2023,Sunday,13,841
2023,Sunday,14,841
2023,Sunday,15,817
2023,Sunday,16,818
2023,Sunday,17,781
2023,Sunday,18,704
2023,Sunday,19,666
2023,Sunday,20,531
2023,Sunday,21,461
2023,Sunday,22,383
2023,Sunday,23,295
2024,Monday,0,197
2024,Monday,1,130
2024,Monday,2,84
2024,Monday,3,75
2024,Monday,4,62
2024,Monday,5,130
2024,Monday,6,360
2024,Monday,7,685
2024,Monday,8,1107
2024,Monday,9,701
2024,Monday,10,627
2024,Monday,11,695
2024,Monday,12,747
2024,Monday,13,791
2024,Monday,14,894
2024,Monday,15,1179
2024,Monday,16,1242
2024,Monday,17,1276
2024,Monday,18,941
2024,Monday,19,704
2024,Monday,20,508
2024,Monday,21,413
2024,Monday,22,294
2024,Monday,23,209
2024,Tuesday,0,146
2024,Tuesday,1,75
2024,Tuesday,2,71
2024,Tuesday,3,59
2024,Tuesday,4,55
2024,Tuesday,5,147
2024,Tuesday,6,312
2024,Tuesday,7,791
2024,Tuesday,8,1287
2024,Tuesday,9,753
2024,Tuesday,10,603
2024,Tuesday,11,653
2024,Tuesday,12,759
2024,Tuesday,13,810
2024,Tuesday,14,869
2024,Tuesday,15,1305
2024,Tuesday,16,1365
2024,Tuesday,17,1380
2024,Tuesday,18,1054
2024,Tuesday,19,821
2024,Tuesday,20,505
2024,Tuesday,21,476
2024,Tuesday,22,369
2024,Tuesday,23,232
2024,Wednesday,0,157
2024,Wednesday,1,98
2024,Wednesday,2,62
2024,Wednesday,3,44
2024,Wednesday,4,61
2024,Wednesday,5,115
2024,Wednesday,6,343
2024,Wednesday,7,776
2024,Wednesday,8,1244
2024,Wednesday,9,699
2024,Wednesday,10,659
2024,Wednesday,11,652
2024,Wednesday,12,702
2024,Wednesday,13,791
2024,Wednesday,14,841
2024,Wednesday,15,1348
2024,Wednesday,16,1297
2024,Wednesday,17,1456
2024,Wednesday,18,1189
2024,Wednesday,19,731
2024,Wednesday,20,531
2024,Wednesday,21,464
2024,Wednesday,22,378
2024,Wednesday,23,277
2024,Thursday,0,189
2024,Thursday,1,88
2024,Thursday,2,75
2024,Thursday,3,61
2024,Thursday,4,65
2024,Thursday,5,141
2024,Thursday,6,343
2024,Thursday,7,753
2024,Thursday,8,1264
2024,Thursday,9,765
2024,Thursday,10,648
2024,Thursday,11,687
2024,Thursday,12,823
2024,Thursday,13,809
2024,Thursday,14,923
2024,Thursday,15,1304
2024,Thursday,16,1388
2024,Thursday,17,1482
2024,Thursday,18,1105
2024,Thursday,19,858
2024,Thursday,20,574
2024,Thursday,21,488
2024,Thursday,22,364
2024,Thursday,23,264
2024,Friday,0,178
2024,Friday,1,124
2024,Friday,2,80
2024,Friday,3,71
2024,Friday,4,80
2024,Friday,5,140
2024,Friday,6,317
2024,Friday,7,628
2024,Friday,8,1091
2024,Friday,9,682
2024,Friday,10,595
2024,Friday,11,827
2024,Friday,12,900
2024,Friday,13,948
2024,Friday,14,1050
2024,Friday,15,1522
2024,Friday,16,1427
2024,Friday,17,1431
2024,Friday,18,1168
2024,Friday,19,941
2024,Friday,20,642
2024,Friday,21,596
2024,Friday,22,542
2024,Friday,23,464
2024,Saturday,0,345
2024,Saturday,1,256
2024,Saturday,2,194
2024,Saturday,3,153
2024,Saturday,4,115
2024,Saturday,5,143
2024,Saturday,6,155
2024,Saturday,7,233
2024,Saturday,8,385
2024,Saturday,9,500
2024,Saturday,10,726
2024,Saturday,11,910
2024,Saturday,12,953
2024,Saturday,13,1008
2024,Saturday,14,950
2024,Saturday,15,912
2024,Saturday,16,944
2024,Saturday,17,970
2024,Saturday,18,946
2024,Saturday,19,768
2024,Saturday,20,612
2024,Saturday,21,540
2024,Saturday,22,563
2024,Saturday,23,490
2024,Sunday,0,434
2024,Sunday,1,293
2024,Sunday,2,208
2024,Sunday,3,179
2024,Sunday,4,152
2024,Sunday,5,124
2024,Sunday,6,146
2024,Sunday,7,195
2024,Sunday,8,225
2024,Sunday,9,358
2024,Sunday,10,563
2024,Sunday,11,697
2024,Sunday,12,777
2024,Sunday,13,785
2024,Sunday,14,908
2024,Sunday,15,758
2024,Sunday,16,824
2024,Sunday,17,789
2024,Sunday,18,756
2024,Sunday,19,653
2024,Sunday,20,500
2024,Sunday,21,406
2024,Sunday,22,389
2024,Sunday,23,269
