year,month_num,month_name,accidents
1999,1,January,19418
1999,2,February,16402
1999,3,March,18828
1999,4,April,18447
1999,5,May,18502
1999,6,June,19287
1999,7,July,19843
1999,8,August,19147
1999,9,September,20636
1999,10,October,20546
1999,11,November,21441
1999,12,December,21183
2000,1,January,19396
2000,2,February,18027
2000,3,March,17841
2000,4,April,18594
2000,5,May,20124
2000,6,June,18124
2000,7,July,18848
2000,8,August,19118
2000,9,September,19739
2000,10,October,20976
2000,11,November,22214
2000,12,December,19847
2001,1,January,19877
2001,2,February,17458
2001,3,March,17691
2001,4,April,17057
2001,5,May,19272
2001,6,June,18659
2001,7,July,19098
2001,8,August,18800
2001,9,September,18773
2001,10,October,20436
2001,11,November,21215
2001,12,December,19877
2002,1,January,17432
2002,2,February,17164
2002,3,March,17471
2002,4,April,17402
2002,5,May,18618
2002,6,June,17121
2002,7,July,18858
2002,8,August,17768
2002,9,September,18490
2002,10,October,21037
2002,11,November,21067
2002,12,December,18858
2003,1,January,17492
2003,2,February,16079
2003,3,March,16632
2003,4,April,16491
2003,5,May,17868
2003,6,June,18050
2003,7,July,18716
2003,8,August,17368
2003,9,September,18654
2003,10,October,19624
2003,11,November,19115
2003,12,December,17671
2004,1,January,17136
2004,2,February,15025
2004,3,March,16511
2004,4,April,16140
2004,5,May,17519
2004,6,June,17482
2004,7,July,16841
2004,8,August,17338
2004,9,September,18017
2004,10,October,19178
2004,11,November,18171
2004,12,December,17922
2005,1,January,16275
2005,2,February,14520
2005,3,March,14973
2005,4,April,15660
2005,5,May,17026
2005,6,June,16864
2005,7,July,16885
2005,8,August,16399
2005,9,September,16715
2005,10,October,17524
2005,11,November,18737
2005,12,December,17088
2006,1,January,14839
2006,2,February,14067
2006,3,March,14854
2006,4,April,13804
2006,5,May,16101
2006,6,June,16032
2006,7,July,16669
2006,8,August,15293
2006,9,September,16782
2006,10,October,17124
2006,11,November,17395
2006,12,December,16184
2007,1,January,15355
2007,2,February,13253
2007,3,March,15046
2007,4,April,14125
2007,5,May,15833
2007,6,June,15528
2007,7,July,15860
2007,8,August,15041
2007,9,September,15269
2007,10,October,15527
2007,11,November,16559
2007,12,December,14704
2008,1,January,14133
2008,2,February,14353
2008,3,March,13494
2008,4,April,13392
2008,5,May,14332
2008,6,June,14204
2008,7,July,14630
2008,8,August,13366
2008,9,September,14431
2008,10,October,15683
2008,11,November,14770
2008,12,December,13793
2009,1,January,13417
2009,2,February,10950
2009,3,March,13202
2009,4,April,12715
2009,5,May,13811
2009,6,June,13936
2009,7,July,14300
2009,8,August,13415
2009,9,September,13792
2009,10,October,14834
2009,11,November,15473
2009,12,December,13709
2010,1,January,10637
2010,2,February,11724
2010,3,March,13165
2010,4,April,12248
2010,5,May,13220
2010,6,June,13644
2010,7,July,13527
2010,8,August,13027
2010,9,September,13904
2010,10,October,14429
2010,11,November,14544
2010,12,December,10345
2011,1,January,11761
2011,2,February,11150
2011,3,March,12432
2011,4,April,12342
2011,5,May,12623
2011,6,June,13048
2011,7,July,13118
2011,8,August,12031
2011,9,September,13339
2011,10,October,13748
2011,11,November,13197
2011,12,December,12685
2012,1,January,11836
2012,2,February,10863
2012,3,March,12171
2012,4,April,10820
2012,5,May,12439
2012,6,June,11470
2012,7,July,12818
2012,8,August,11878
2012,9,September,13066
2012,10,October,13120
2012,11,November,13305
2012,12,December,11785
2013,1,January,10226
2013,2,February,9721
2013,3,March,10284
2013,4,April,9962
2013,5,May,11449
2013,6,June,11843
2013,7,July,13012
2013,8,August,11774
2013,9,September,12012
2013,10,October,13322
2013,11,November,13168
2013,12,December,11887
2014,1,January,12086
2014,2,February,10780
2014,3,March,11915
2014,4,April,11008
2014,5,May,12303
2014,6,June,12532
2014,7,July,13026
2014,8,August,12108
2014,9,September,11832
2014,10,October,13450
2014,11,November,13246
2014,12,December,12036
2015,1,January,11600
2015,2,February,10283
2015,3,March,10936
2015,4,April,10871
2015,5,May,11441
2015,6,June,12057
2015,7,July,12769
2015,8,August,11468
2015,9,September,12198
2015,10,October,12408
2015,11,November,12372
2015,12,December,11626
2016,1,January,11680
2016,2,February,10647
2016,3,March,10828
2016,4,April,10588
2016,5,May,11480
2016,6,June,11046
2016,7,July,11776
2016,8,August,11458
2016,9,September,11568
2016,10,October,11623
2016,11,November,12737
2016,12,December,11146
2017,1,January,11145
2017,2,February,9737
2017,3,March,10806
2017,4,April,9773
2017,5,May,10919
2017,6,June,11130
2017,7,July,11449
2017,8,August,10301
2017,9,September,11087
2017,10,October,11193
2017,11,November,11954
2017,12,December,10469
2018,1,January,10110
2018,2,February,9252
2018,3,March,8926
2018,4,April,9032
2018,5,May,11046
2018,6,June,10993
2018,7,July,10980
2018,8,August,9675
2018,9,September,10491
2018,10,October,10894
2018,11,November,11162
2018,12,December,10019
2019,1,January,9370
2019,2,February,8836
2019,3,March,9425
2019,4,April,8897
2019,5,May,9756
2019,6,June,9939
2019,7,July,10322
2019,8,August,9532
2019,9,September,10220
2019,10,October,10310
2019,11,November,10931
2019,12,December,9970
2020,1,January,9591
2020,2,February,8542
2020,3,March,6549
2020,4,April,3298
2020,5,May,5598
2020,6,June,6720
2020,7,July,8157
2020,8,August,8874
2020,9,September,9256
2020,10,October,8865
2020,11,November,7608
2020,12,December,8127
2021,1,January,5567
2021,2,February,5250
2021,3,March,6824
2021,4,April,8461
2021,5,May,9118
2021,6,June,9621
2021,7,July,9608
2021,8,August,8726
2021,9,September,9870
2021,10,October,9710
2021,11,November,9972
2021,12,December,8343
2022,1,January,9027
2022,2,February,7677
2022,3,March,8823
2022,4,April,7933
2022,5,May,9174
2022,6,June,9345
2022,7,July,9166
2022,8,August,8938
2022,9,September,8773
2022,10,October,9334
2022,11,November,9588
2022,12,December,8204
2023,1,January,8752
2023,2,February,7558
2023,3,March,8183
2023,4,April,7749
2023,5,May,9074
2023,6,June,9748
2023,7,July,9159
2023,8,August,8417
2023,9,September,9017
2023,10,October,9142
2023,11,November,9160
2023,12,December,8287
2024,1,January,8301
2024,2,February,7537
2024,3,March,7813
2024,4,April,7646
2024,5,May,8983
2024,6,June,9064
2024,7,July,8505
2024,8,August,8191
2024,9,September,8838
2024,10,October,9069
2024,11,November,8919
2024,12,December,8061
